target,n_bits,shots,noise,probability,time_sampling,l2_error,time_density,fro_norm,fidelity
density-matrix-cpu,3,16384,none,0.0,0.0313523870008793,0.0064408720499379,0.0313523870008793,2.220446049250313e-16,0.9999999999999992
density-matrix-cpu,4,16384,none,0.0,0.0345906069996999,0.0070916443106825,0.0345906069996999,6.661338147750939e-16,0.9999999999999992
density-matrix-cpu,5,16384,none,0.0,0.0323827390002406,0.0072264181586619,0.0323827390002406,5.551115123125784e-16,0.999999999999999
density-matrix-cpu,6,16384,none,0.0,0.0356044620002649,0.0079916441910805,0.0356044620002649,9.992007221626409e-16,0.9999999999999988
density-matrix-cpu,7,16384,none,0.0,0.1279692910011363,0.008255329231476,0.1279692910011363,8.881784197001252e-16,0.9999999999999992
density-matrix-cpu,8,16384,none,0.0,0.2373509540011582,0.0079439547868769,0.2373509540011582,1.2212453270876722e-15,1.0
density-matrix-cpu,9,16384,none,0.0,0.6704452419999143,0.0075580157076189,0.6704452419999143,1.2212453270876722e-15,1.0000000000000009
density-matrix-cpu,10,16384,none,0.0,3.5158978030012804,0.0079986333573795,3.5158978030012804,1.5543122344752194e-15,1.0
density-matrix-cpu,11,16384,none,0.0,20.82919368399962,0.0080018928791857,20.82919368399962,1.5543122344752194e-15,1.000000000000001
density-matrix-cpu,12,16384,none,0.0,109.76843347900105,0.0080135232054874,109.76843347900105,1.887379141862766e-15,1.0
density-matrix-cpu,3,16384,Depolarizing,0.01,0.0375491479990159,0.0076724857312539,0.0375491479990159,0.0229022977058747,0.9801330370370364
density-matrix-cpu,4,16384,Depolarizing,0.01,0.068420834999415,0.0069889918009275,0.068420834999415,0.0294587533870265,0.9735988167901228
density-matrix-cpu,5,16384,Depolarizing,0.01,0.042414343000928,0.0070568888832005,0.042414343000928,0.0359518497878219,0.9671081580115216
density-matrix-cpu,6,16384,Depolarizing,0.01,0.0664267510001082,0.0085292126804508,0.0664267510001082,0.0423912247050597,0.9606607702914448
density-matrix-cpu,7,16384,Depolarizing,0.01,0.2729974710000533,0.0081905450181719,0.2729974710000533,0.0487814899849348,0.9542563651561684
density-matrix-cpu,8,16384,Depolarizing,0.01,0.8022094369989645,0.0084722425290335,0.8022094369989645,0.0551252089006439,0.9478946560551268
density-matrix-cpu,9,16384,Depolarizing,0.01,3.324144283998976,0.0080972284920786,3.324144283998976,0.0614239792320501,0.9415753583480944
density-matrix-cpu,10,16384,Depolarizing,0.01,17.467338427999493,0.0080972284920786,17.467338427999493,0.0676788940439376,0.9352981892924386
density-matrix-cpu,11,16384,Depolarizing,0.01,96.9032293629989,0.0079636261866699,96.9032293629989,0.0738907610381531,0.9290628680304852
density-matrix-cpu,12,16384,Depolarizing,0.01,500.7773224850007,0.0078072530292948,500.7773224850007,0.0800602162639137,0.9228691155769424
density-matrix-cpu,3,16384,Amplitude Damping,0.01,0.0492868530000123,0.012166068968179,0.0492868530000123,0.0149471635694401,0.992499984256926
density-matrix-cpu,4,16384,Amplitude Damping,0.01,0.0596518019992799,0.0085805965677685,0.0596518019992799,0.0179312723972858,0.9900124999605427
density-matrix-cpu,5,16384,Amplitude Damping,0.01,0.0363337700000556,0.0101850102430469,0.0363337700000556,0.0207681276319864,0.9875312499999
density-matrix-cpu,6,16384,Amplitude Damping,0.01,0.0530212510002456,0.0075179853955873,0.0530212510002456,0.0235092160709745,0.9850562187499984
density-matrix-cpu,7,16384,Amplitude Damping,0.01,0.1781116120000661,0.0084643241324998,0.1781116120000661,0.0261829551923943,0.9825873906249988
density-matrix-cpu,8,16384,Amplitude Damping,0.01,0.5151933979996102,0.0079068212189721,0.5151933979996102,0.0288065897116188,0.9801247500781238
density-matrix-cpu,9,16384,Amplitude Damping,0.01,1.942845354000383,0.0073910524918069,1.942845354000383,0.0313913034309119,0.9776682816015608
density-matrix-cpu,10,16384,Amplitude Damping,0.01,10.464503156999854,0.0078557723416809,10.464503156999854,0.033944718214589,0.975217969726366
density-matrix-cpu,11,16384,Amplitude Damping,0.01,58.75907384899983,0.0078043895584377,58.75907384899983,0.0364722332070031,0.972773799022361
density-matrix-cpu,12,16384,Amplitude Damping,0.01,304.78111758400155,0.0078391574013683,304.78111758400155,0.0389777940067343,0.970335754098046
density-matrix-cpu,3,16384,Phase Damping,0.01,0.107217030999891,0.0080769600535514,0.107217030999891,0.0342104897363369,0.9702989999999994
density-matrix-cpu,4,16384,Phase Damping,0.01,0.0364865430001373,0.0054379549822695,0.0364865430001373,0.0439240722993855,0.9605960099999996
density-matrix-cpu,5,16384,Phase Damping,0.01,0.0357065139996848,0.0068146510446703,0.0357065139996848,0.0535111363516033,0.9509900498999992
density-matrix-cpu,6,16384,Phase Damping,0.01,0.0541573179998522,0.006395016567337,0.0541573179998522,0.0629868286998944,0.9414801494009994
density-matrix-cpu,7,16384,Phase Damping,0.01,0.1892761369999789,0.0077449741371959,0.1892761369999789,0.0723586644275224,0.9320653479069888
density-matrix-cpu,8,16384,Phase Damping,0.01,0.5093862949997856,0.007638422393041,0.5093862949997856,0.0816310426716863,0.9227446944279188
density-matrix-cpu,9,16384,Phase Damping,0.01,2.0077585479994013,0.0077034975468613,2.0077585479994013,0.0908068901557114,0.9135172474836398
density-matrix-cpu,10,16384,Phase Damping,0.01,11.209982709000542,0.00804970182376,11.209982709000542,0.0998883606900064,0.9043820750088004
density-matrix-cpu,11,16384,Phase Damping,0.01,58.334328539000126,0.0079603509958316,58.334328539000126,0.1088771682955515,0.8953382542587164
density-matrix-cpu,12,16384,Phase Damping,0.01,305.4538287799988,0.0077713838097641,305.4538287799988,0.1177747599641622,0.8863848717161324
density-matrix-cpu,3,16384,Bit Flip,0.01,0.0636470190002,0.0053585947430781,0.0636470190002,2.220446049250313e-16,0.9999999999999992
density-matrix-cpu,4,16384,Bit Flip,0.01,0.0483354769985453,0.0056779100241981,0.0483354769985453,6.661338147750939e-16,0.9999999999999992
density-matrix-cpu,5,16384,Bit Flip,0.01,0.0436466390001442,0.0074662737711782,0.0436466390001442,5.551115123125784e-16,0.999999999999999
density-matrix-cpu,6,16384,Bit Flip,0.01,0.0541101890012214,0.0069268852339409,0.0541101890012214,9.992007221626409e-16,0.9999999999999988
density-matrix-cpu,7,16384,Bit Flip,0.01,0.2212125759997434,0.0083281123177322,0.2212125759997434,8.881784197001252e-16,0.9999999999999992
density-matrix-cpu,8,16384,Bit Flip,0.01,0.5151598529992043,0.0082096255748829,0.5151598529992043,1.2212453270876722e-15,1.0
density-matrix-cpu,9,16384,Bit Flip,0.01,2.094870742999774,0.0078458075997174,2.094870742999774,1.2212453270876722e-15,1.0000000000000009
density-matrix-cpu,10,16384,Bit Flip,0.01,10.448862929000825,0.0079021083251761,10.448862929000825,1.5543122344752194e-15,1.0
density-matrix-cpu,11,16384,Bit Flip,0.01,58.63817373999882,0.0076666570504446,58.63817373999882,1.5543122344752194e-15,1.000000000000001
density-matrix-cpu,12,16384,Bit Flip,0.01,306.5024317240004,0.0078401077750641,306.5024317240004,1.887379141862766e-15,1.0
density-matrix-cpu,3,16384,Depolarizing,0.1,0.1174389219995646,0.0050212313967781,0.1174389219995646,0.2124256409881954,0.8130370370370361
density-matrix-cpu,4,16384,Depolarizing,0.1,0.0582507480012282,0.0078671451631863,0.0582507480012282,0.2645801174023013,0.7588345679012336
density-matrix-cpu,5,16384,Depolarizing,0.1,0.039611201000298,0.0083084071415945,0.039611201000298,0.3131263218569018,0.7082455967078176
density-matrix-cpu,6,16384,Depolarizing,0.1,0.063940805999664,0.0080889429965963,0.063940805999664,0.358398219819515,0.661029223593963
density-matrix-cpu,7,16384,Depolarizing,0.1,0.238426067000546,0.0080594144727754,0.238426067000546,0.4006536277889857,0.6169606086876984
density-matrix-cpu,8,16384,Depolarizing,0.1,0.7915484050008672,0.0074507902955109,0.7915484050008672,0.4401117033856725,0.5758299014418522
density-matrix-cpu,9,16384,Depolarizing,0.1,3.318348189000972,0.007815837147368,3.318348189000972,0.476967224215434,0.5374412413457283
density-matrix-cpu,10,16384,Depolarizing,0.1,17.30868022100003,0.0078571948446064,17.30868022100003,0.5113971325745746,0.5016118252560133
density-matrix-cpu,11,16384,Depolarizing,0.1,96.36449493100008,0.0076496313642057,96.36449493100008,0.5435640283364759,0.4681710369056133
density-matrix-cpu,12,16384,Depolarizing,0.1,498.2246367809985,0.0077416064432167,498.2246367809985,0.5736182937654767,0.4369596344452316
density-matrix-cpu,3,16384,Amplitude Damping,0.1,0.1068434000007982,0.060144254801373,0.1068434000007982,0.1449746853790312,0.9249831077996248
density-matrix-cpu,4,16384,Amplitude Damping,0.1,0.0311383920015941,0.0515771989389678,0.0311383920015941,0.1711445806241378,0.9012495665739932
density-matrix-cpu,5,16384,Amplitude Damping,0.1,0.0354792030011594,0.0414493875900049,0.0354792030011594,0.195215498459698,0.8781249888790024
density-matrix-cpu,6,16384,Amplitude Damping,0.1,0.0560263619991019,0.0317633896325918,0.0560263619991019,0.217773761231028,0.8555937497146524
density-matrix-cpu,7,16384,Amplitude Damping,0.1,0.1995583860007173,0.0244722816578661,0.1995583860007173,0.2391528372227857,0.8336406249926769
density-matrix-cpu,8,16384,Amplitude Damping,0.1,0.5201268819982943,0.0188824663237033,0.5201268819982943,0.2595618947539742,0.8122507812498108
density-matrix-cpu,9,16384,Amplitude Damping,0.1,1.9430807099997764,0.0160300678166783,1.9430807099997764,0.2791416865519211,0.7914097656249938
density-matrix-cpu,10,16384,Amplitude Damping,0.1,10.697772719002389,0.0130143785372129,10.697772719002389,0.2979921772036853,0.7711034960937484
density-matrix-cpu,11,16384,Amplitude Damping,0.1,59.60124416300096,0.0109724168652896,59.60124416300096,0.3161875094181489,0.751318251953123
density-matrix-cpu,12,16384,Amplitude Damping,0.1,309.45017620699946,0.0096978698111992,309.45017620699946,0.333784689419524,0.7320406645507771
density-matrix-cpu,3,16384,Phase Damping,0.1,0.1154043610004009,0.0048552689944705,0.1154043610004009,0.3055617777144258,0.7289999999999993
density-matrix-cpu,4,16384,Phase Damping,0.1,0.0720286920004582,0.0051696453070946,0.0720286920004582,0.374061171467984,0.6560999999999992
density-matrix-cpu,5,16384,Phase Damping,0.1,0.0408646390023932,0.0066413430218434,0.0408646390023932,0.4356143285063067,0.5904899999999991
density-matrix-cpu,6,16384,Phase Damping,0.1,0.0713273719993594,0.0076739422097176,0.0713273719993594,0.4910444699047119,0.5314409999999992
density-matrix-cpu,7,16384,Phase Damping,0.1,0.2263023739978962,0.0075649130573306,0.2263023739978962,0.5410098618026117,0.4782968999999991
density-matrix-cpu,8,16384,Phase Damping,0.1,0.5678823249982088,0.0083070619047114,0.5678823249982088,0.5860713829095398,0.4304672099999993
density-matrix-cpu,9,16384,Phase Damping,0.1,3.0722185730010096,0.0076880072759718,3.0722185730010096,0.6267204898594855,0.3874204889999998
density-matrix-cpu,10,16384,Phase Damping,0.1,12.712221591002162,0.0080829537456566,12.712221591002162,0.663393662266917,0.3486784401000002
density-matrix-cpu,11,16384,Phase Damping,0.1,66.2729565970003,0.0075259094930656,66.2729565970003,0.6964812944478587,0.3138105960899988
density-matrix-cpu,12,16384,Phase Damping,0.1,326.38659406100123,0.0079190616163979,326.38659406100123,0.7263339337443582,0.2824295364809946
density-matrix-cpu,3,16384,Bit Flip,0.1,0.1080845489996136,0.005126953125,0.1080845489996136,5.551115123125784e-16,0.999999999999999
density-matrix-cpu,4,16384,Bit Flip,0.1,0.0457297329994617,0.0109903963821751,0.0457297329994617,1.1102230246251563e-15,0.9999999999999988
density-matrix-cpu,5,16384,Bit Flip,0.1,0.0358558250009082,0.0074532898058953,0.0358558250009082,9.992007221626409e-16,0.9999999999999986
density-matrix-cpu,6,16384,Bit Flip,0.1,0.053123001998756,0.0078647771815647,0.053123001998756,1.4432899320127037e-15,0.9999999999999988
density-matrix-cpu,7,16384,Bit Flip,0.1,0.1895998660002078,0.0078110693575341,0.1895998660002078,1.3322676295501878e-15,0.9999999999999988
density-matrix-cpu,8,16384,Bit Flip,0.1,0.5190650160002406,0.0078015250365727,0.5190650160002406,1.7763568394002505e-15,1.0
density-matrix-cpu,9,16384,Bit Flip,0.1,2.194393764002598,0.007655959610395,2.194393764002598,1.7763568394002505e-15,0.9999999999999948
density-matrix-cpu,10,16384,Bit Flip,0.1,10.964953678998429,0.0077857513276865,10.964953678998429,2.3314683517128287e-15,1.0
density-matrix-cpu,11,16384,Bit Flip,0.1,60.39870051199978,0.00803673336591,60.39870051199978,2.4424906541753444e-15,1.0
density-matrix-cpu,12,16384,Bit Flip,0.1,312.90233520199763,0.0078253640123713,312.90233520199763,2.886579864025407e-15,1.0
density-matrix-cpu,3,16384,Depolarizing,0.5,0.1083981510018929,0.0063699185183836,0.1083981510018929,0.7608384660805233,0.2962962962962961
density-matrix-cpu,4,16384,Depolarizing,0.5,0.0359282749996054,0.0097888669955739,0.0359282749996054,0.8367784297694096,0.1975308641975308
density-matrix-cpu,5,16384,Depolarizing,0.5,0.0390171809995081,0.0088860144702897,0.0390171809995081,0.8885649463064806,0.1316872427983538
density-matrix-cpu,6,16384,Depolarizing,0.5,0.0635472299982211,0.0071068618859906,0.0635472299982211,0.9240228372253856,0.0877914951989025
density-matrix-cpu,7,16384,Depolarizing,0.5,0.2484020039992174,0.0088009224451542,0.2484020039992174,0.948303047446829,0.058527663465935
density-matrix-cpu,8,16384,Depolarizing,0.5,0.8574486619982054,0.0073920604771497,0.8574486619982054,0.9649028749080716,0.0390184423106233
density-matrix-cpu,9,16384,Depolarizing,0.5,3.664575038001203,0.0077747386054351,3.664575038001203,0.9762257767891568,0.0260122948737489
density-matrix-cpu,10,16384,Depolarizing,0.5,18.36690355699829,0.0076032266079298,18.36690355699829,0.983929720084454,0.0173415299158325
density-matrix-cpu,11,16384,Depolarizing,0.5,115.6210960569988,0.0078714057349382,115.6210960569988,0.9891581948805882,0.0115610199438883
density-matrix-cpu,12,16384,Depolarizing,0.5,595.8891513400013,0.0079120021597162,595.8891513400013,0.9926982104124884,0.0077073466292589
density-matrix-cpu,3,16384,Amplitude Damping,0.5,0.3916059059993131,0.3447512436803525,0.3916059059993131,0.6528425855148932,0.6218592167691142
density-matrix-cpu,4,16384,Amplitude Damping,0.5,0.4636745740026526,0.2966147712771674,0.4636745740026526,0.7242938317665621,0.530790042944955
density-matrix-cpu,5,16384,Amplitude Damping,0.5,0.0789431010016414,0.2520923673308826,0.0789431010016414,0.7789696103502646,0.4530576408488156
density-matrix-cpu,6,16384,Amplitude Damping,0.5,0.0716925970009469,0.2096719394089318,0.0716925970009469,0.8218135723155948,0.3867088854806964
density-matrix-cpu,7,16384,Amplitude Damping,0.5,0.2980071240017423,0.1701329553525312,0.2980071240017423,0.8558869919731728,0.3300766803745943
density-matrix-cpu,8,16384,Amplitude Damping,0.5,0.6254724889986392,0.1383432874152663,0.6254724889986392,0.8832512532834608,0.2817380696895073
density-matrix-cpu,9,16384,Amplitude Damping,0.5,2.8656773719994817,0.1136555571494329,2.8656773719994817,0.9053733108749844,0.2404784846426829
density-matrix-cpu,10,16384,Amplitude Damping,0.5,13.931632981999428,0.091575721398068,13.931632981999428,0.9233380336045628,0.2052612259314943
density-matrix-cpu,11,16384,Amplitude Damping,0.5,74.6296636420011,0.0725133618834088,74.6296636420011,0.9379703078676804,0.1752014153511591
density-matrix-cpu,12,16384,Amplitude Damping,0.5,359.3325377250003,0.0580896949194121,359.3325377250003,0.9499103714457068,0.1495437621097223
density-matrix-cpu,3,16384,Phase Damping,0.5,0.3506320669985143,0.0084188700678022,0.3506320669985143,0.9354143466934852,0.1249999999999999
density-matrix-cpu,4,16384,Phase Damping,0.5,0.0513344220016733,0.0091120398469343,0.0513344220016733,0.9682458365518544,0.0625
density-matrix-cpu,5,16384,Phase Damping,0.5,0.0525712460002978,0.0065708534117855,0.0525712460002978,0.9842509842514764,0.0312499999999999
density-matrix-cpu,6,16384,Phase Damping,0.5,0.0672515129990642,0.0078258400511838,0.0672515129990642,0.9921567416492216,0.015625
density-matrix-cpu,7,16384,Phase Damping,0.5,0.2491599989989481,0.0084069142699577,0.2491599989989481,0.9960860906568266,0.0078124999999999
density-matrix-cpu,8,16384,Phase Damping,0.5,0.659877153000707,0.0073556859839759,0.659877153000707,0.998044963916957,0.00390625
density-matrix-cpu,9,16384,Phase Damping,0.5,2.9005643279997457,0.0076364713272638,2.9005643279997457,0.9990229601966112,0.0019531249999999
density-matrix-cpu,10,16384,Phase Damping,0.5,14.616473883001165,0.0077464169864282,14.616473883001165,0.9995115994824672,0.0009765625
density-matrix-cpu,11,16384,Phase Damping,0.5,69.96717159900072,0.007755068444467,69.96717159900072,0.9997558295653992,0.0004882812499999
density-matrix-cpu,12,16384,Phase Damping,0.5,347.2962755800036,0.0078931460743785,347.2962755800036,0.9998779222360098,0.000244140625
density-matrix-cpu,3,16384,Bit Flip,0.5,0.1071406820010452,0.0084665244299537,0.1071406820010452,2.220446049250313e-16,0.9999999999999998
density-matrix-cpu,4,16384,Bit Flip,0.5,0.0310721669993654,0.0076017565805372,0.0310721669993654,0.0,1.0
density-matrix-cpu,5,16384,Bit Flip,0.5,0.0358323049986211,0.0069654993250425,0.0358323049986211,2.220446049250313e-16,1.0
density-matrix-cpu,6,16384,Bit Flip,0.5,0.0540663130013854,0.0075816376400661,0.0540663130013854,0.0,1.0
density-matrix-cpu,7,16384,Bit Flip,0.5,0.1916006259998539,0.0081864505415552,0.1916006259998539,2.220446049250313e-16,1.0
density-matrix-cpu,8,16384,Bit Flip,0.5,0.567960894000862,0.0077867082196372,0.567960894000862,0.0,1.0
density-matrix-cpu,9,16384,Bit Flip,0.5,2.3622611819992017,0.0077247459505645,2.3622611819992017,2.220446049250313e-16,1.0000000000000009
density-matrix-cpu,10,16384,Bit Flip,0.5,11.474106321998988,0.0079444237195999,11.474106321998988,0.0,1.0
density-matrix-cpu,11,16384,Bit Flip,0.5,68.65652394999779,0.0073844972333182,68.65652394999779,2.220446049250313e-16,1.000000000000001
density-matrix-cpu,12,16384,Bit Flip,0.5,333.2668539330007,0.0078491305859925,333.2668539330007,0.0,1.0
density-matrix-cpu,3,16384,Depolarizing,0.9,0.107011173000501,0.0054139250150236,0.107011173000501,1.0062842540753578,0.0639999999999999
density-matrix-cpu,4,16384,Depolarizing,0.9,0.0390460829985386,0.0062417213924777,0.0390460829985386,1.0108986892859242,0.0255999999999999
density-matrix-cpu,5,16384,Depolarizing,0.9,0.0496999300012248,0.0086983128227123,0.0496999300012248,1.008732077015498,0.0102399999999999
density-matrix-cpu,6,16384,Depolarizing,0.9,0.0638003029998799,0.0085684316652516,0.0638003029998799,1.0057726431276643,0.0040959999999999
density-matrix-cpu,7,16384,Depolarizing,0.9,0.2609925649994693,0.0079298739106014,0.2609925649994693,1.003495848035895,0.0016383999999999
density-matrix-cpu,8,16384,Depolarizing,0.9,0.7988134240004001,0.0074096780239583,0.7988134240004001,1.00201559511474,0.0006553599999999
density-matrix-cpu,9,16384,Depolarizing,0.9,3.528826796999056,0.0080640354320867,3.528826796999056,1.0011271736815697,0.0002621439999999
density-matrix-cpu,10,16384,Depolarizing,0.9,17.734183002001373,0.0080042202963779,17.734183002001373,1.0006177271363697,0.0001048575999999
density-matrix-cpu,11,16384,Depolarizing,0.9,96.32287149200056,0.0079016368811925,96.32287149200056,1.0003338445090524,4.194303999999951e-05
density-matrix-cpu,12,16384,Depolarizing,0.9,506.2326650120012,0.007940671482423,506.2326650120012,1.0001786453296089,1.67772159999999e-05
density-matrix-cpu,3,16384,Amplitude Damping,0.9,0.1065351520010153,0.7846545519153534,0.1065351520010153,1.1405732577686316,0.2850382593315244
density-matrix-cpu,4,16384,Amplitude Damping,0.9,0.032711375002691,0.7764813417205993,0.032711375002691,1.206902783705356,0.1875876356546302
density-matrix-cpu,5,16384,Amplitude Damping,0.9,0.0345920289983041,0.7590407564088613,0.0345920289983041,1.2439658411655845,0.1234540273050372
density-matrix-cpu,6,16384,Amplitude Damping,0.9,0.0540716409996093,0.7337736853622311,0.0540716409996093,1.2633761482411034,0.0812468092827454
density-matrix-cpu,7,16384,Amplitude Damping,0.9,0.1950355879998824,0.7027458334174685,0.1950355879998824,1.2718238963232444,0.053469653139112
density-matrix-cpu,8,16384,Amplitude Damping,0.9,0.5149491250012943,0.6699081953336944,0.5149491250012943,1.2733796360892915,0.0351891210504942
density-matrix-cpu,9,16384,Amplitude Damping,0.9,2.2030696219990205,0.636306699575933,2.2030696219990205,1.2705993523659125,0.023158449094194
density-matrix-cpu,10,16384,Amplitude Damping,0.9,10.772531911999977,0.6006979426947905,10.772531911999977,1.2651183881939696,0.0152408968578328
density-matrix-cpu,11,16384,Amplitude Damping,0.9,59.441133795000496,0.5820195433700236,59.441133795000496,1.25799465555087,0.010030245811639
density-matrix-cpu,12,16384,Amplitude Damping,0.9,309.71608356900106,0.5524614961291314,309.71608356900106,1.2499165811989466,0.0066010440186267
density-matrix-cpu,3,16384,Phase Damping,0.9,0.1070225589974143,0.0080046856986108,0.1070225589974143,1.2447361166126734,0.0009999999999999
density-matrix-cpu,4,16384,Phase Damping,0.9,0.0391797259981103,0.0100546968188831,0.0391797259981103,1.2049571610642424,0.0001
density-matrix-cpu,5,16384,Phase Damping,0.9,0.0440873930019733,0.0079326920853905,0.0440873930019733,1.170777452464815,1.00000000000265e-05
density-matrix-cpu,6,16384,Phase Damping,0.9,0.057276826002635,0.0075402506944481,0.057276826002635,1.141930239298352,1.0000000000201905e-06
density-matrix-cpu,7,16384,Phase Damping,0.9,0.2000536090017703,0.0070230223943567,0.2000536090017703,1.1177143063268362,9.999999998420597e-08
density-matrix-cpu,8,16384,Phase Damping,0.9,0.5398570180004754,0.0076613101975162,0.5398570180004754,1.097458001868636,9.999999989034641e-09
density-matrix-cpu,9,16384,Phase Damping,0.9,2.300340434001555,0.0077526662301033,2.300340434001555,1.0805644582391782,9.999999911917686e-10
density-matrix-cpu,10,16384,Phase Damping,0.9,11.1109144080001,0.007877555826002,11.1109144080001,1.0665120867275193,9.999999800434495e-11
density-matrix-cpu,11,16384,Phase Damping,0.9,59.23426770399965,0.007667142943087,59.23426770399965,1.0548494611440755,9.999996504083702e-12
density-matrix-cpu,12,16384,Phase Damping,0.9,306.85440749400004,0.0078310745682364,306.85440749400004,1.045189005047346,9.999978333255964e-13
density-matrix-cpu,3,16384,Bit Flip,0.9,0.0554438799990748,0.0062928400482334,0.0554438799990748,6.661338147750939e-16,0.999999999999999
density-matrix-cpu,4,16384,Bit Flip,0.9,0.0560080889990786,0.0089299252028712,0.0560080889990786,1.1102230246251563e-15,0.9999999999999988
density-matrix-cpu,5,16384,Bit Flip,0.9,0.0539125670002249,0.0080404407739568,0.0539125670002249,9.992007221626409e-16,0.9999999999999986
density-matrix-cpu,6,16384,Bit Flip,0.9,0.055539298999065,0.0086519352319174,0.055539298999065,1.4432899320127037e-15,0.9999999999999988
density-matrix-cpu,7,16384,Bit Flip,0.9,0.1887816009984817,0.0076850993742316,0.1887816009984817,1.3322676295501878e-15,0.9999999999999988
density-matrix-cpu,8,16384,Bit Flip,0.9,0.522851328998513,0.0079799819775428,0.522851328998513,1.887379141862766e-15,0.9999999999999992
density-matrix-cpu,9,16384,Bit Flip,0.9,2.1290870289994928,0.0078439081183678,2.1290870289994928,1.9984014443252818e-15,0.9999999999999948
density-matrix-cpu,10,16384,Bit Flip,0.9,10.813161409001625,0.0081201993992004,10.813161409001625,2.4424906541753444e-15,1.0
density-matrix-cpu,11,16384,Bit Flip,0.9,60.27972788899933,0.0078372563082395,60.27972788899933,2.664535259100376e-15,1.0
density-matrix-cpu,12,16384,Bit Flip,0.9,308.6644965359992,0.0079729764613319,308.6644965359992,3.1086244689504387e-15,1.0
density-matrix-cpu,3,16384,Depolarizing,1.0,0.1083063980004226,0.0107241392239245,0.1083063980004226,1.047565601757848,0.037037037037037
density-matrix-cpu,4,16384,Depolarizing,1.0,0.0386453729988716,0.0072341466748188,0.0386453729988716,1.0346828069015783,0.0123456790123456
density-matrix-cpu,5,16384,Depolarizing,1.0,0.0401150170000619,0.0093218089179044,0.0401150170000619,1.0221016078289131,0.0041152263374485
density-matrix-cpu,6,16384,Depolarizing,1.0,0.0633668529990245,0.0072011138690198,0.0633668529990245,1.013241190382076,0.0013717421124828
density-matrix-cpu,7,16384,Depolarizing,1.0,0.2466259090033418,0.0080232796509545,0.2466259090033418,1.0076802578135369,0.0004572473708276
density-matrix-cpu,8,16384,Depolarizing,1.0,0.901297558000806,0.0079364480951111,0.901297558000806,1.0043752341861871,0.0001524157902758
density-matrix-cpu,9,16384,Depolarizing,1.0,3.612453208999796,0.0080051510737862,3.612453208999796,1.002466830617473,5.080526342529033e-05
density-matrix-cpu,10,16384,Depolarizing,1.0,17.700964075997035,0.0076213336322206,17.700964075997035,1.0013824862267944,1.6935087808429506e-05
density-matrix-cpu,11,16384,Depolarizing,1.0,96.82696546999796,0.0079063500560113,96.82696546999796,1.0007720441383223,5.6450292694763226e-06
density-matrix-cpu,12,16384,Depolarizing,1.0,503.5919747989974,0.0079002223804416,503.5919747989974,1.000430240877647,1.881676423158752e-06
density-matrix-cpu,3,16384,Amplitude Damping,1.0,0.0571914370011654,0.9354143466934852,0.0571914370011654,1.322875655532295,0.1249999999999999
density-matrix-cpu,4,16384,Amplitude Damping,1.0,0.0527154240007803,0.9682458365518544,0.0527154240007803,1.3693063937629149,0.0624999999999999
density-matrix-cpu,5,16384,Amplitude Damping,1.0,0.0359994819991698,0.9842509842514764,0.0359994819991698,1.391941090707505,0.0312499999999999
density-matrix-cpu,6,16384,Amplitude Damping,1.0,0.0571019110029737,0.9921567416492216,0.0571019110029737,1.4031215200402274,0.0156249999999999
density-matrix-cpu,7,16384,Amplitude Damping,1.0,0.1932881719985744,0.9960860906568269,0.1932881719985744,1.4086784586980798,0.0078124999999999
density-matrix-cpu,8,16384,Amplitude Damping,1.0,0.5135214239999186,0.998044963916957,0.5135214239999186,1.411448723829526,0.0039062499999999
density-matrix-cpu,9,16384,Amplitude Damping,1.0,2.135159992001718,0.9990229601966112,2.135159992001718,1.4128318194321634,0.0019531249999999
density-matrix-cpu,10,16384,Amplitude Damping,1.0,10.989522197000042,0.9995115994824672,10.989522197000042,1.413522859737329,0.0009765624999999
density-matrix-cpu,11,16384,Amplitude Damping,1.0,60.03397550799855,0.9997558295653994,60.03397550799855,1.4138682532329512,0.0004882812499999
density-matrix-cpu,12,16384,Amplitude Damping,1.0,307.14825224800006,0.9998779222360098,307.14825224800006,1.4140409183435945,0.0002441406249999
density-matrix-cpu,3,16384,Phase Damping,1.0,0.1145069969970791,0.0102858273598344,0.1145069969970791,1.4142135623730947,0.0
density-matrix-cpu,4,16384,Phase Damping,1.0,0.0368004560004919,0.0066233691241457,0.0368004560004919,1.414213562373095,0.0
density-matrix-cpu,5,16384,Phase Damping,1.0,0.0360503100018831,0.0066042182591425,0.0360503100018831,1.414213562373095,0.0
density-matrix-cpu,6,16384,Phase Damping,1.0,0.0516525419989193,0.0083178177079709,0.0516525419989193,1.414213562373095,0.0
density-matrix-cpu,7,16384,Phase Damping,1.0,0.205968414000381,0.0081302860377669,0.205968414000381,1.414213562373095,0.0
density-matrix-cpu,8,16384,Phase Damping,1.0,0.5281864800017502,0.0077468978764549,0.5281864800017502,1.414213562373095,0.0
density-matrix-cpu,9,16384,Phase Damping,1.0,2.2131769490006263,0.0081247857872528,2.2131769490006263,1.414213562373095,0.0
density-matrix-cpu,10,16384,Phase Damping,1.0,10.714613275999,0.0074131965091254,10.714613275999,1.414213562373095,0.0
density-matrix-cpu,11,16384,Phase Damping,1.0,65.14368438300153,0.0080000304579155,65.14368438300153,1.414213562373095,0.0
density-matrix-cpu,12,16384,Phase Damping,1.0,311.8339223229996,0.0076564461819173,311.8339223229996,1.414213562373095,0.0
density-matrix-cpu,3,16384,Bit Flip,1.0,0.1070930720015894,0.0078496051834828,0.1070930720015894,2.220446049250313e-16,0.9999999999999992
density-matrix-cpu,4,16384,Bit Flip,1.0,0.0442097920022206,0.0063505899545749,0.0442097920022206,6.661338147750939e-16,0.9999999999999992
density-matrix-cpu,5,16384,Bit Flip,1.0,0.0362946360000933,0.0077694661332859,0.0362946360000933,5.551115123125784e-16,0.999999999999999
density-matrix-cpu,6,16384,Bit Flip,1.0,0.0660682279994944,0.0091467245242686,0.0660682279994944,9.992007221626409e-16,0.9999999999999988
density-matrix-cpu,7,16384,Bit Flip,1.0,0.1853502539997862,0.0071262302340461,0.1853502539997862,8.881784197001252e-16,0.9999999999999992
density-matrix-cpu,8,16384,Bit Flip,1.0,0.5380914179986576,0.0085095354057376,0.5380914179986576,1.2212453270876722e-15,1.0
density-matrix-cpu,9,16384,Bit Flip,1.0,2.1321901160008565,0.007607145292178,2.1321901160008565,1.2212453270876722e-15,1.0000000000000009
density-matrix-cpu,10,16384,Bit Flip,1.0,10.678757697001856,0.0079589469300307,10.678757697001856,1.5543122344752194e-15,1.0
density-matrix-cpu,11,16384,Bit Flip,1.0,61.77548405499692,0.0079359786911128,61.77548405499692,1.5543122344752194e-15,1.000000000000001
density-matrix-cpu,12,16384,Bit Flip,1.0,313.2914414359984,0.0077208869539702,313.2914414359984,1.887379141862766e-15,1.0
qiskit-aer,3,16384,none,0.0,0.0062153680000847,0.0073308279099711,0.0009875260000171,3.510833468576701e-16,0.9999999999999998
qiskit-aer,4,16384,none,0.0,0.0067754529999319,0.0063693336661106,0.000969533999978,3.1401849173675503e-16,1.0
qiskit-aer,5,16384,none,0.0,0.0074771449999389,0.0072042171287497,0.0012707809999028,4.154074181055224e-16,1.0
qiskit-aer,6,16384,none,0.0,0.0089276500000323,0.0083459857416988,0.0018200719999867,3.8459253727671276e-16,1.0
qiskit-aer,7,16384,none,0.0,0.0115077709999695,0.0085130369120706,0.0032494759999508,4.710277376051325e-16,0.9999999999999988
qiskit-aer,8,16384,none,0.0,0.015992634999975,0.0073895402559871,0.0066889569999375,4.440892098500626e-16,1.0
qiskit-aer,3,16384,Depolarizing,0.01,0.006801428000017,0.0105641964560169,0.0017688489999727,0.0963262570694823,0.912045420156403
qiskit-aer,4,16384,Depolarizing,0.01,0.008086245999948,0.0080751149455767,0.002019650999955,0.1738203645393688,0.8364901544587345
qiskit-aer,5,16384,Depolarizing,0.01,0.0097700060000534,0.0064720293661189,0.003127653999968,0.2641834416219025,0.7470376919837196
qiskit-aer,6,16384,Depolarizing,0.01,0.0172598039999911,0.008487179343637,0.0075969929999928,0.3614180728012463,0.6498023910555082
qiskit-aer,7,16384,Depolarizing,0.01,0.0434491710000202,0.0078907858954918,0.03053480199992,0.4597915215083297,0.5506844197474101
qiskit-aer,8,16384,Depolarizing,0.01,0.0291066480000381,0.0085779912552543,0.0137132300000075,0.554389955692194,0.454816936127663
qiskit-aer,3,16384,Amplitude Damping,0.01,0.0062363539999523,0.0252231060175253,0.0014109479999433,0.0834206817925002,0.9403671791857952
qiskit-aer,4,16384,Amplitude Damping,0.01,0.0075207940000154,0.0261777501130762,0.0016993639999327,0.1402221015669986,0.8894739991011651
qiskit-aer,5,16384,Amplitude Damping,0.01,0.0093404499999678,0.0274673122424656,0.0027956820000554,0.2053563954757052,0.8278832236976583
qiskit-aer,6,16384,Amplitude Damping,0.01,0.0168583670000543,0.0242715874474285,0.0073157919999857,0.276319202181449,0.7585137028607417
qiskit-aer,7,16384,Amplitude Damping,0.01,0.0479729310000038,0.0214548775442589,0.0308420609999302,0.3504121185818007,0.6843405187680692
qiskit-aer,8,16384,Amplitude Damping,0.01,0.034263223000039,0.018880887951074,0.0141398350000372,0.4250933301849187,0.6082018585449185
qiskit-aer,3,16384,Phase Damping,0.01,0.0091676719999895,0.0078477066213112,0.0015960719999839,0.0475091949412086,0.9609781040920417
qiskit-aer,4,16384,Phase Damping,0.01,0.0077602689999594,0.0075634355833299,0.0017581189999873,0.0829903725048907,0.9283362475067758
qiskit-aer,5,16384,Phase Damping,0.01,0.0096200450000196,0.0079294041174252,0.0028699100000721,0.1253747834289444,0.8881937105342042
qiskit-aer,6,16384,Phase Damping,0.01,0.0449172030000681,0.0083517863686998,0.0073709509999844,0.1735336133736934,0.8417137583837063
qiskit-aer,7,16384,Phase Damping,0.01,0.0494339749999426,0.0082886551191513,0.0301364219999413,0.2261952332278516,0.7901676383564088
qiskit-aer,8,16384,Phase Damping,0.01,0.0330067549999739,0.0079251747256491,0.0160616430000573,0.2820498060393538,0.7348789586459723
qiskit-aer,3,16384,Bit Flip,0.01,0.0112385059999269,0.012882900813756,0.0016332089999195,0.1519159075199652,0.8704371397883174
qiskit-aer,4,16384,Bit Flip,0.01,0.0077528189999611,0.0086936004954906,0.0017659559999856,0.2722511710122388,0.7554710136509637
qiskit-aer,5,16384,Bit Flip,0.01,0.0094926719999648,0.0090747599052426,0.0028748739999855,0.4018747609164604,0.6269655009340969
qiskit-aer,6,16384,Bit Flip,0.01,0.0168426440000075,0.0071293660890863,0.0074034280000887,0.5274943399617308,0.4990207760624533
qiskit-aer,7,16384,Bit Flip,0.01,0.0441336469999669,0.0073839927416194,0.0304317970000056,0.6400839522760611,0.3820071274679418
qiskit-aer,8,16384,Bit Flip,0.01,0.02094466799997,0.0080894035245364,0.0134487800000897,0.7349426634344105,0.2819960903292001
qiskit-aer,3,16384,Depolarizing,0.1,0.0068450289999191,0.007227449104977,0.0018869639999365,0.623219076867888,0.4221760546833265
qiskit-aer,4,16384,Depolarizing,0.1,0.0080009369999061,0.0084140012379349,0.002021099999979,0.8242196502071264,0.206149257140417
qiskit-aer,5,16384,Depolarizing,0.1,0.0099120920000359,0.0070531926562132,0.003100348000089,0.9270528715312992,0.0895037508376056
qiskit-aer,6,16384,Depolarizing,0.1,0.0171828329999925,0.007725228189598,0.0075929600000108,0.9715986888902324,0.0366973010991967
qiskit-aer,7,16384,Depolarizing,0.1,0.0510073199999396,0.0074207305025761,0.0305529759999672,0.9891086360092656,0.0149623161241407
qiskit-aer,8,16384,Depolarizing,0.1,0.0393217710000044,0.0082440400414565,0.014598804000002,0.9957338388491008,0.0062678266238146
qiskit-aer,3,16384,Amplitude Damping,0.1,0.0062965179999991,0.1585269721619746,0.0014689260000295,0.5537292775928216,0.5896381531647995
qiskit-aer,4,16384,Amplitude Damping,0.1,0.0075387740000678,0.1685787479913471,0.0017309680000607,0.7388617074026894,0.3909515750016687
qiskit-aer,5,16384,Amplitude Damping,0.1,0.0092510959999572,0.1643248005278906,0.0027797709999504,0.8637869011252358,0.2416420229700857
qiskit-aer,6,16384,Amplitude Damping,0.1,0.0165488970000069,0.1519546430261878,0.0074238810000224,0.941418108650432,0.1415072321473606
qiskit-aer,7,16384,Amplitude Damping,0.1,0.0519525979999571,0.1344183164464963,0.0303377359999785,0.9862713265078962,0.0795511333930334
qiskit-aer,8,16384,Amplitude Damping,0.1,0.0368366730000389,0.1210607052907813,0.0133937570000171,1.010414429134099,0.0433807963365229
qiskit-aer,3,16384,Phase Damping,0.1,0.0169565439999814,0.0097972358259954,0.0015184999999746,0.3730925933693692,0.6851267825845648
qiskit-aer,4,16384,Phase Damping,0.1,0.0075876309999785,0.006154571614236,0.0017184890000407,0.5478851371659625,0.5064103994008597
qiskit-aer,5,16384,Phase Damping,0.1,0.0093791280000914,0.0071371996988432,0.0027947500000209,0.6909305513152478,0.3513020819857052
qiskit-aer,6,16384,Phase Damping,0.1,0.0167860300000484,0.0077670683718692,0.007351500000027,0.7983186102683939,0.2307721988706424
qiskit-aer,7,16384,Phase Damping,0.1,0.0542815000000018,0.0074547891098578,0.0301761480000095,0.8736078759995338,0.1447156977571979
qiskit-aer,8,16384,Phase Damping,0.1,0.3296130569999604,0.0077271568447746,0.0133152099999733,0.9235339939039944,0.0872556883001439
qiskit-aer,3,16384,Bit Flip,0.1,0.007861154000011,0.0068788543647226,0.0015514450000182,0.7364304340803374,0.3415424874213515
qiskit-aer,4,16384,Bit Flip,0.1,0.0076675999999906,0.0063541086121288,0.0017503270000815,0.8826133349216078,0.1624647400823887
qiskit-aer,5,16384,Bit Flip,0.1,0.0094998019999366,0.008794570892128,0.0028728359999377,0.9470508015384912,0.0763465146739902
qiskit-aer,6,16384,Bit Flip,0.1,0.0168141950000517,0.008914058675272,0.007437897999921,0.9755099922530216,0.0362854591598835
qiskit-aer,7,16384,Bit Flip,0.1,0.0769744220000347,0.0077641900807302,0.0307278979998955,0.9883885183401736,0.0175154281819899
qiskit-aer,8,16384,Bit Flip,0.1,0.0314361530000724,0.0079434858264711,0.0134134470000617,0.9943854253451012,0.0085655950292847
qiskit-aer,3,16384,Depolarizing,0.5,0.0066891359999772,0.0058421836426552,0.0018105500000729,0.9334880319347588,0.1268043518066406
qiskit-aer,4,16384,Depolarizing,0.5,0.0082824379999237,0.0105154204214071,0.0020310379999273,0.9681639217658784,0.0625793274685115
qiskit-aer,5,16384,Depolarizing,0.5,0.0118960620000052,0.0086191495596681,0.0032984059999989,0.9842471878664868,0.0312537366896336
qiskit-aer,6,16384,Depolarizing,0.5,0.0177281310000125,0.0071141966514079,0.0077897539999867,0.992156551919864,0.0156251882419681
qiskit-aer,7,16384,Depolarizing,0.5,0.0489050800000541,0.0076286620742153,0.0315142819999891,0.9960860804994576,0.0078125101176195
qiskit-aer,8,16384,Depolarizing,0.5,0.0394690829999717,0.0075580157076189,0.0145606810000344,0.9980449633422483,0.0039062505735854
qiskit-aer,3,16384,Amplitude Damping,0.5,0.0062773079999942,0.0075604797691416,0.0015564149999818,1.118092885524649,0.2427469888025459
qiskit-aer,4,16384,Amplitude Damping,0.5,0.0080944260000705,0.0071115779607565,0.0017185259999905,1.2202493760470647,0.1218336512145644
qiskit-aer,5,16384,Amplitude Damping,0.5,0.0093362439999964,0.0077914909166176,0.0027662510000254,1.2688605673380835,0.0609744434613426
qiskit-aer,6,16384,Amplitude Damping,0.5,0.0167404540000006,0.0072880168136105,0.0073293340000191,1.2925897426956638,0.0304944100186895
qiskit-aer,7,16384,Amplitude Damping,0.5,0.0557326900000134,0.0073829836548034,0.0304350249999743,1.3043144469228587,0.0152481030151312
qiskit-aer,8,16384,Amplitude Damping,0.5,0.0408444140000483,0.0075506186983359,0.0179699960000334,1.3101423161737984,0.0076241637410627
qiskit-aer,3,16384,Phase Damping,0.5,0.0197128029999476,0.0051919361128263,0.0015082090000078,0.8219689356866398,0.2589576356404099
qiskit-aer,4,16384,Phase Damping,0.5,0.0076389629999766,0.0078263160610411,0.0017168069999797,0.9142205782582584,0.130490371084425
qiskit-aer,5,16384,Phase Damping,0.5,0.0094048240000574,0.0070320340884969,0.0027806949999558,0.957937865126242,0.0653726175452244
qiskit-aer,6,16384,Phase Damping,0.5,0.0171858639999982,0.0087282407507782,0.0073853220000046,0.9791785139934708,0.0327022688843174
qiskit-aer,7,16384,Phase Damping,0.5,0.0554686539999238,0.0077314945598583,0.0303848810000317,0.9896420005927978,0.0163531304302497
qiskit-aer,8,16384,Phase Damping,0.5,0.0320026349999125,0.0083900587292185,0.0171792930000265,0.9948342302194656,0.0081768147440925
qiskit-aer,3,16384,Bit Flip,0.5,0.0096820119999847,0.0067976834923466,0.0016203359999735,0.8894229138221481,0.1783470869120796
qiskit-aer,4,16384,Bit Flip,0.5,0.0076505250000309,0.0068283038432358,0.0018162659999916,0.9483041449706336,0.0860442948911165
qiskit-aer,5,16384,Bit Flip,0.5,0.0546776040000622,0.0077454551168043,0.0029372220000141,0.9750705838972834,0.0421417679566492
qiskit-aer,6,16384,Bit Flip,0.5,0.0411068319999685,0.0078699858006369,0.0074514490000865,0.9877688196841926,0.0208387372131316
qiskit-aer,7,16384,Bit Flip,0.5,0.0516974280000113,0.007690914078247,0.0305484490000935,0.993943366363601,0.0103598317793019
qiskit-aer,8,16384,Bit Flip,0.5,0.0379045429999678,0.0083392876969011,0.0143004660000087,0.9969864996952492,0.0051648443635032
qiskit-aer,3,16384,Depolarizing,0.9,0.0071656060000577,0.0061351718130513,0.0018193509999946,0.9354143366703598,0.1250000093757755
qiskit-aer,4,16384,Depolarizing,0.9,0.0082537530000763,0.0083030248863493,0.0021116650000294,0.9682458365506276,0.0625000000011874
qiskit-aer,5,16384,Depolarizing,0.9,0.0109045149999928,0.0093549195448954,0.0032101760000387,0.9842509842514762,0.0312500000000002
qiskit-aer,6,16384,Depolarizing,0.9,0.0267209179999099,0.0079171797100937,0.0077875429999494,0.9921567416492216,0.0156249999999999
qiskit-aer,7,16384,Depolarizing,0.9,0.0821331529999724,0.0080649593062299,0.0313582429999996,0.9960860906568266,0.0078124999999999
qiskit-aer,8,16384,Depolarizing,0.9,0.0467226370000162,0.0080330242468174,0.014981837999926,0.998044963916957,0.0039062499999999
qiskit-aer,3,16384,Amplitude Damping,0.9,0.006634235999968,0.6206491486479386,0.0016859580000527,1.2743378575995294,0.1650071528379605
qiskit-aer,4,16384,Amplitude Damping,0.9,0.0088379040000745,0.6001174712420965,0.0018000129999791,1.3375141509125037,0.0825035837782444
qiskit-aer,5,16384,Amplitude Damping,0.9,0.0097936290000006,0.5584603597192057,0.0028229760000613,1.368008657684765,0.041251791925919
qiskit-aer,6,16384,Amplitude Damping,0.9,0.0177559059999339,0.5208027488947432,0.007337925999991,1.3830037886517503,0.0206258959631437
qiskit-aer,7,16384,Amplitude Damping,0.9,0.0547351520000347,0.4711422830383661,0.0304128669999954,1.3904407126477054,0.0103129479815729
qiskit-aer,8,16384,Amplitude Damping,0.9,0.03754896800001,0.431499932951607,0.0140856620000704,1.3941442979009977,0.0051564739907865
qiskit-aer,3,16384,Phase Damping,0.9,0.006282601999942,0.0090533881584056,0.0015027450000388,0.8985547079167684,0.1650504059471805
qiskit-aer,4,16384,Phase Damping,0.9,0.0077882980000367,0.0067077608950247,0.0017054930000313,0.9506315085534744,0.0825252112261106
qiskit-aer,5,16384,Phase Damping,0.9,0.0097268260000191,0.0075486449383497,0.0028474850000748,0.9756280707548358,0.0412626056543179
qiskit-aer,6,16384,Phase Damping,0.9,0.0172105460000011,0.0075055872450689,0.0076082870000391,0.987889197340466,0.0206313028273653
qiskit-aer,7,16384,Phase Damping,0.9,0.0720622779999757,0.0085462296711265,0.0305186340000318,0.9939630441374526,0.0103156514136837
qiskit-aer,8,16384,Phase Damping,0.9,0.040716438000004,0.0071110541069044,0.0141342519999625,0.9969860914553909,0.0051578257068418
qiskit-aer,3,16384,Bit Flip,0.9,0.0064967910000177,0.0072099029691624,0.0016595060000099,0.8560932909084198,0.2431878540205294
qiskit-aer,4,16384,Bit Flip,0.9,0.0076977680000709,0.0076296386679688,0.0018560460000571,0.9243260193405444,0.1238310178068651
qiskit-aer,5,16384,Bit Flip,0.9,0.0179118429999789,0.0058733455682223,0.0029638670000622,0.9644998402271652,0.0596644590103372
qiskit-aer,6,16384,Bit Flip,0.9,0.0173368370000162,0.0080046856986108,0.0074643499999638,0.982381424315708,0.0296725600533773
qiskit-aer,7,16384,Bit Flip,0.9,0.0446847880000405,0.0082873066760223,0.0303930500000433,0.9912883914484156,0.0147281078617577
qiskit-aer,8,16384,Bit Flip,0.9,0.053989766000086,0.008083414614816,0.0139500779999934,0.9956560181614708,0.0073486995752151
density-matrix-cpu,3,262144,none,0.0,0.1201331699994625,0.0014899310950803,0.1201331699994625,2.220446049250313e-16,0.9999999999999992
density-matrix-cpu,4,262144,none,0.0,0.1133962420008174,0.0016729785316504,0.1133962420008174,6.661338147750939e-16,0.9999999999999992
density-matrix-cpu,5,262144,none,0.0,0.1185394130006898,0.0020903427205729,0.1185394130006898,5.551115123125784e-16,0.999999999999999
density-matrix-cpu,6,262144,none,0.0,0.1308127830016019,0.0021618532582171,0.1308127830016019,9.992007221626409e-16,0.9999999999999988
density-matrix-cpu,7,262144,none,0.0,0.2259922029988956,0.0018404639402519,0.2259922029988956,8.881784197001252e-16,0.9999999999999992
density-matrix-cpu,8,262144,none,0.0,0.3519813469993096,0.0017948302654469,0.3519813469993096,1.2212453270876722e-15,1.0
density-matrix-cpu,9,262144,none,0.0,0.8596953590003977,0.0020143768887521,0.8596953590003977,1.2212453270876722e-15,1.0000000000000009
density-matrix-cpu,10,262144,none,0.0,4.006100450000304,0.0019266902623658,4.006100450000304,1.5543122344752194e-15,1.0
density-matrix-cpu,11,262144,none,0.0,25.16955287699966,0.0019417521045874,25.16955287699966,1.5543122344752194e-15,1.000000000000001
density-matrix-cpu,12,262144,none,0.0,130.59625062600026,0.0019534974935094,130.59625062600026,1.887379141862766e-15,1.0
density-matrix-cpu,3,262144,Depolarizing,0.01,0.1813510369993309,0.001092922417011,0.1813510369993309,0.0229022977058747,0.9801330370370364
density-matrix-cpu,4,262144,Depolarizing,0.01,0.1279537089994846,0.002550415416278,0.1279537089994846,0.0294587533870264,0.9735988167901228
density-matrix-cpu,5,262144,Depolarizing,0.01,0.1186036480012262,0.0019272490888697,0.1186036480012262,0.0359518497878219,0.9671081580115216
density-matrix-cpu,6,262144,Depolarizing,0.01,0.1462731789997633,0.0019870288994932,0.1462731789997633,0.0423912247050597,0.9606607702914448
density-matrix-cpu,7,262144,Depolarizing,0.01,0.3322945509989949,0.0020666718749424,0.3322945509989949,0.0487814899849348,0.9542563651561684
density-matrix-cpu,8,262144,Depolarizing,0.01,0.9334119239993016,0.0019223424940896,0.9334119239993016,0.055125208900644,0.9478946560551268
density-matrix-cpu,9,262144,Depolarizing,0.01,3.749845643998924,0.0020035478590255,3.749845643998924,0.0614239792320502,0.9415753583480944
density-matrix-cpu,10,262144,Depolarizing,0.01,17.763557702999606,0.0019233944205535,17.763557702999606,0.0676788940439377,0.9352981892924386
density-matrix-cpu,11,262144,Depolarizing,0.01,103.45204067900158,0.0019961039063256,103.45204067900158,0.0738907610381531,0.9290628680304852
density-matrix-cpu,12,262144,Depolarizing,0.01,508.4090611980009,0.0019819325632457,508.4090611980009,0.0800602162639137,0.9228691155769424
density-matrix-cpu,3,262144,Amplitude Damping,0.01,0.1450744169997051,0.0062813134611302,0.1450744169997051,0.0149471635694401,0.992499984256926
density-matrix-cpu,4,262144,Amplitude Damping,0.01,0.1080596760002663,0.0052397113081172,0.1080596760002663,0.0179312723972858,0.9900124999605427
density-matrix-cpu,5,262144,Amplitude Damping,0.01,0.1158048859997507,0.0040672437488371,0.1158048859997507,0.0207681276319864,0.9875312499999
density-matrix-cpu,6,262144,Amplitude Damping,0.01,0.1390919460009172,0.0029145135917086,0.1390919460009172,0.0235092160709745,0.9850562187499984
density-matrix-cpu,7,262144,Amplitude Damping,0.01,0.282371941000747,0.0032321135512185,0.282371941000747,0.0261829551923943,0.9825873906249988
density-matrix-cpu,8,262144,Amplitude Damping,0.01,0.6547467039999901,0.002465498780542,0.6547467039999901,0.0288065897116188,0.9801247500781238
density-matrix-cpu,9,262144,Amplitude Damping,0.01,2.47362555700056,0.002303142231614,2.47362555700056,0.0313913034309119,0.9776682816015608
density-matrix-cpu,10,262144,Amplitude Damping,0.01,10.657245010001134,0.0021343495398855,10.657245010001134,0.033944718214589,0.975217969726366
density-matrix-cpu,11,262144,Amplitude Damping,0.01,59.1598226570004,0.0020910805090862,59.1598226570004,0.0364722332070031,0.972773799022361
density-matrix-cpu,12,262144,Amplitude Damping,0.01,307.9727108469997,0.0020102911693908,307.9727108469997,0.0389777940067343,0.970335754098046
density-matrix-cpu,3,262144,Phase Damping,0.01,0.2089711249991523,0.0015524458767126,0.2089711249991523,0.0342104897363369,0.9702989999999994
density-matrix-cpu,4,262144,Phase Damping,0.01,0.1171070000000327,0.0015940870882227,0.1171070000000327,0.0439240722993855,0.9605960099999996
density-matrix-cpu,5,262144,Phase Damping,0.01,0.1162917309993645,0.0019527747913145,0.1162917309993645,0.0535111363516033,0.9509900498999992
density-matrix-cpu,6,262144,Phase Damping,0.01,0.1387968590006494,0.0017710468993828,0.1387968590006494,0.0629868286998944,0.9414801494009994
density-matrix-cpu,7,262144,Phase Damping,0.01,0.2825264389994117,0.0021436697987646,0.2825264389994117,0.0723586644275224,0.9320653479069888
density-matrix-cpu,8,262144,Phase Damping,0.01,0.6491621790009958,0.0018952635328102,0.6491621790009958,0.0816310426716863,0.9227446944279188
density-matrix-cpu,9,262144,Phase Damping,0.01,2.2734629930000665,0.0019312543034312,2.2734629930000665,0.0908068901557114,0.9135172474836398
density-matrix-cpu,10,262144,Phase Damping,0.01,10.8145807230012,0.0019199261815671,10.8145807230012,0.0998883606900064,0.9043820750088004
density-matrix-cpu,11,262144,Phase Damping,0.01,59.34560245499961,0.0019273774450446,59.34560245499961,0.1088771682955515,0.8953382542587164
density-matrix-cpu,12,262144,Phase Damping,0.01,308.9105912610012,0.0019541603562805,308.9105912610012,0.1177747599641622,0.8863848717161324
density-matrix-cpu,3,262144,Bit Flip,0.01,0.178519041999607,0.0011023749093302,0.178519041999607,2.220446049250313e-16,0.9999999999999992
density-matrix-cpu,4,262144,Bit Flip,0.01,0.1118225920017721,0.0026815666701141,0.1118225920017721,6.661338147750939e-16,0.9999999999999992
density-matrix-cpu,5,262144,Bit Flip,0.01,0.1182972599999629,0.0019961768065863,0.1182972599999629,5.551115123125784e-16,0.999999999999999
density-matrix-cpu,6,262144,Bit Flip,0.01,0.1611522019993572,0.0017110947793583,0.1611522019993572,9.992007221626409e-16,0.9999999999999988
density-matrix-cpu,7,262144,Bit Flip,0.01,0.2788400819990784,0.0020464490932423,0.2788400819990784,8.881784197001252e-16,0.9999999999999992
density-matrix-cpu,8,262144,Bit Flip,0.01,0.6724188750013127,0.0021055746724196,0.6724188750013127,1.2212453270876722e-15,1.0
density-matrix-cpu,9,262144,Bit Flip,0.01,2.279185260000304,0.0018969749637231,2.279185260000304,1.2212453270876722e-15,1.0000000000000009
density-matrix-cpu,10,262144,Bit Flip,0.01,10.844483594999474,0.0019179014103793,10.844483594999474,1.5543122344752194e-15,1.0
density-matrix-cpu,11,262144,Bit Flip,0.01,61.33736430299905,0.0019706373104489,61.33736430299905,1.5543122344752194e-15,1.000000000000001
density-matrix-cpu,12,262144,Bit Flip,0.01,308.4296197519998,0.0019660536702873,308.4296197519998,1.887379141862766e-15,1.0
density-matrix-cpu,3,262144,Depolarizing,0.1,0.1789834499995777,0.0015779388147943,0.1789834499995777,0.2124256409881954,0.8130370370370361
density-matrix-cpu,4,262144,Depolarizing,0.1,0.1282521760003874,0.001554834292421,0.1282521760003874,0.2645801174023013,0.7588345679012336
density-matrix-cpu,5,262144,Depolarizing,0.1,0.1208282679999683,0.0019011511251321,0.1208282679999683,0.3131263218569018,0.7082455967078176
density-matrix-cpu,6,262144,Depolarizing,0.1,0.1534799119999661,0.0019508437901342,0.1534799119999661,0.358398219819515,0.661029223593963
density-matrix-cpu,7,262144,Depolarizing,0.1,0.3580068519986525,0.0018440342856721,0.3580068519986525,0.4006536277889858,0.6169606086876985
density-matrix-cpu,8,262144,Depolarizing,0.1,1.1104738670001095,0.0018843986717321,1.1104738670001095,0.4401117033856725,0.5758299014418522
density-matrix-cpu,9,262144,Depolarizing,0.1,3.734908172998985,0.0020484888797778,3.734908172998985,0.476967224215434,0.5374412413457283
density-matrix-cpu,10,262144,Depolarizing,0.1,17.72750978899967,0.0020652983783799,17.72750978899967,0.5113971325745746,0.5016118252560133
density-matrix-cpu,11,262144,Depolarizing,0.1,99.53561028999866,0.0019415797299027,99.53561028999866,0.5435640283364759,0.4681710369056133
density-matrix-cpu,12,262144,Depolarizing,0.1,504.98501103000126,0.0019584226287781,504.98501103000126,0.5736182937654767,0.4369596344452316
density-matrix-cpu,3,262144,Amplitude Damping,0.1,0.2249563450004643,0.0618883467618253,0.2249563450004643,0.1449746853790312,0.9249831077996248
density-matrix-cpu,4,262144,Amplitude Damping,0.1,0.1050716400004603,0.0504408996910983,0.1050716400004603,0.1711445806241378,0.9012495665739932
density-matrix-cpu,5,262144,Amplitude Damping,0.1,0.1154649219988641,0.0397179845698478,0.1154649219988641,0.195215498459698,0.8781249888790024
density-matrix-cpu,6,262144,Amplitude Damping,0.1,0.14078985299966,0.0313760795703177,0.14078985299966,0.217773761231028,0.8555937497146524
density-matrix-cpu,7,262144,Amplitude Damping,0.1,0.2786379160006618,0.0242939521727284,0.2786379160006618,0.2391528372227857,0.8336406249926769
density-matrix-cpu,8,262144,Amplitude Damping,0.1,0.6179668239983584,0.0181188016910973,0.6179668239983584,0.2595618947539742,0.8122507812498108
density-matrix-cpu,9,262144,Amplitude Damping,0.1,2.217382811999414,0.0135259740923961,2.217382811999414,0.2791416865519211,0.7914097656249938
density-matrix-cpu,10,262144,Amplitude Damping,0.1,10.78041579099954,0.0102000653695521,10.78041579099954,0.2979921772036853,0.7711034960937484
density-matrix-cpu,11,262144,Amplitude Damping,0.1,58.914110773001084,0.0077196711967118,58.914110773001084,0.3161875094181489,0.751318251953123
density-matrix-cpu,12,262144,Amplitude Damping,0.1,307.8143790180002,0.0059046831364273,307.8143790180002,0.333784689419524,0.7320406645507771
density-matrix-cpu,3,262144,Phase Damping,0.1,0.1767921410009876,0.0015978892146011,0.1767921410009876,0.3055617777144258,0.7289999999999993
density-matrix-cpu,4,262144,Phase Damping,0.1,0.1125891199990292,0.001278498506038,0.1125891199990292,0.374061171467984,0.6560999999999992
density-matrix-cpu,5,262144,Phase Damping,0.1,0.1140544660011073,0.0017843325465408,0.1140544660011073,0.4356143285063067,0.5904899999999991
density-matrix-cpu,6,262144,Phase Damping,0.1,0.1372821149998344,0.0022123534037831,0.1372821149998344,0.4910444699047119,0.5314409999999992
density-matrix-cpu,7,262144,Phase Damping,0.1,0.2865143740000349,0.0018047187222426,0.2865143740000349,0.5410098618026117,0.4782968999999991
density-matrix-cpu,8,262144,Phase Damping,0.1,0.6697583589993883,0.001764296454352,0.6697583589993883,0.5860713829095398,0.4304672099999993
density-matrix-cpu,9,262144,Phase Damping,0.1,2.241082886001095,0.0019516715960135,2.241082886001095,0.6267204898594855,0.3874204889999998
density-matrix-cpu,10,262144,Phase Damping,0.1,10.60640271199918,0.0019063260198115,10.60640271199918,0.663393662266917,0.3486784401000002
density-matrix-cpu,11,262144,Phase Damping,0.1,61.95980049999889,0.0019447774122439,61.95980049999889,0.6964812944478587,0.3138105960899988
density-matrix-cpu,12,262144,Phase Damping,0.1,308.83800263599915,0.0019281775908083,308.83800263599915,0.7263339337443582,0.2824295364809946
density-matrix-cpu,3,262144,Bit Flip,0.1,0.1788228129989875,0.0012299308092936,0.1788228129989875,5.551115123125784e-16,0.999999999999999
density-matrix-cpu,4,262144,Bit Flip,0.1,0.1056992870016984,0.0014410571170426,0.1056992870016984,1.1102230246251563e-15,0.9999999999999988
density-matrix-cpu,5,262144,Bit Flip,0.1,0.1233378279994212,0.0018481411045702,0.1233378279994212,9.992007221626409e-16,0.9999999999999986
density-matrix-cpu,6,262144,Bit Flip,0.1,0.1396640419989125,0.0019508288714913,0.1396640419989125,1.4432899320127037e-15,0.9999999999999988
density-matrix-cpu,7,262144,Bit Flip,0.1,0.296803576999082,0.0018880015473641,0.296803576999082,1.3322676295501878e-15,0.9999999999999988
density-matrix-cpu,8,262144,Bit Flip,0.1,0.6194952009991539,0.00203108898084,0.6194952009991539,1.7763568394002505e-15,1.0
density-matrix-cpu,9,262144,Bit Flip,0.1,2.2369564060009,0.0019983261678559,2.2369564060009,1.7763568394002505e-15,0.9999999999999948
density-matrix-cpu,10,262144,Bit Flip,0.1,10.800535637999928,0.0019378887385463,10.800535637999928,2.3314683517128287e-15,1.0
density-matrix-cpu,11,262144,Bit Flip,0.1,60.51952213999903,0.0019282530591185,60.51952213999903,2.4424906541753444e-15,1.0
density-matrix-cpu,12,262144,Bit Flip,0.1,307.99279761900107,0.0019467518060643,307.99279761900107,2.886579864025407e-15,1.0
density-matrix-cpu,3,262144,Depolarizing,0.5,0.1763301319988386,0.0015000639171691,0.1763301319988386,0.7608384660805233,0.2962962962962961
density-matrix-cpu,4,262144,Depolarizing,0.5,0.1130180909985938,0.0018660772251752,0.1130180909985938,0.8367784297694096,0.1975308641975308
density-matrix-cpu,5,262144,Depolarizing,0.5,0.1174889190006069,0.0018949410275576,0.1174889190006069,0.8885649463064806,0.1316872427983538
density-matrix-cpu,6,262144,Depolarizing,0.5,0.1500992490000499,0.0017412745495706,0.1500992490000499,0.9240228372253856,0.0877914951989025
density-matrix-cpu,7,262144,Depolarizing,0.5,0.3517711650001729,0.0021359579729942,0.3517711650001729,0.948303047446829,0.058527663465935
density-matrix-cpu,8,262144,Depolarizing,0.5,0.9127626109984704,0.001847298414589,0.9127626109984704,0.9649028749080716,0.0390184423106233
density-matrix-cpu,9,262144,Depolarizing,0.5,3.647269396000411,0.001949090068044,3.647269396000411,0.9762257767891568,0.0260122948737489
density-matrix-cpu,10,262144,Depolarizing,0.5,17.76638036500117,0.0019496275462612,17.76638036500117,0.983929720084454,0.0173415299158325
density-matrix-cpu,11,262144,Depolarizing,0.5,97.61589290300071,0.0019166870394151,97.61589290300071,0.9891581948805882,0.0115610199438883
density-matrix-cpu,12,262144,Depolarizing,0.5,505.639162604999,0.0019808529531938,505.639162604999,0.9926982104124884,0.0077073466292589
density-matrix-cpu,3,262144,Amplitude Damping,0.5,0.1769578309977078,0.3450279835372353,0.1769578309977078,0.6528425855148932,0.6218592167691142
density-matrix-cpu,4,262144,Amplitude Damping,0.5,0.1041053850021853,0.3000605384389882,0.1041053850021853,0.7242938317665621,0.530790042944955
density-matrix-cpu,5,262144,Amplitude Damping,0.5,0.1127346089997445,0.2520199865331486,0.1127346089997445,0.7789696103502646,0.4530576408488156
density-matrix-cpu,6,262144,Amplitude Damping,0.5,0.1376733929973852,0.2097653164513901,0.1376733929973852,0.8218135723155948,0.3867088854806964
density-matrix-cpu,7,262144,Amplitude Damping,0.5,0.2924959180018049,0.1723848363525548,0.2924959180018049,0.8558869919731728,0.3300766803745943
density-matrix-cpu,8,262144,Amplitude Damping,0.5,0.6171044260008784,0.1387796117784254,0.6171044260008784,0.8832512532834608,0.2817380696895073
density-matrix-cpu,9,262144,Amplitude Damping,0.5,2.291815360000328,0.1113222889510327,2.291815360000328,0.9053733108749844,0.2404784846426829
density-matrix-cpu,10,262144,Amplitude Damping,0.5,10.648232415001983,0.0901200935071837,10.648232415001983,0.9233380336045628,0.2052612259314943
density-matrix-cpu,11,262144,Amplitude Damping,0.5,59.153835261000495,0.0725415293482593,59.153835261000495,0.9379703078676804,0.1752014153511591
density-matrix-cpu,12,262144,Amplitude Damping,0.5,307.85510606000025,0.0574337698819538,307.85510606000025,0.9499103714457068,0.1495437621097223
density-matrix-cpu,3,262144,Phase Damping,0.5,0.133488015999319,0.0013371697453726,0.133488015999319,0.9354143466934852,0.1249999999999999
density-matrix-cpu,4,262144,Phase Damping,0.5,0.1130344999983208,0.0023289093901969,0.1130344999983208,0.9682458365518544,0.0625
density-matrix-cpu,5,262144,Phase Damping,0.5,0.1210325779975391,0.0020461717527726,0.1210325779975391,0.9842509842514764,0.0312499999999999
density-matrix-cpu,6,262144,Phase Damping,0.5,0.1374308580016077,0.0018536916805943,0.1374308580016077,0.9921567416492216,0.015625
density-matrix-cpu,7,262144,Phase Damping,0.5,0.2979975109992665,0.0019141495572941,0.2979975109992665,0.9960860906568266,0.0078124999999999
density-matrix-cpu,8,262144,Phase Damping,0.5,0.6532032329996582,0.0019282530591185,0.6532032329996582,0.998044963916957,0.00390625
density-matrix-cpu,9,262144,Phase Damping,0.5,2.2479584049979167,0.001900967413887,2.2479584049979167,0.9990229601966112,0.0019531249999999
density-matrix-cpu,10,262144,Phase Damping,0.5,11.057791986000666,0.0020040053804131,11.057791986000666,0.9995115994824672,0.0009765625
density-matrix-cpu,11,262144,Phase Damping,0.5,58.56792045000111,0.0019566533881251,58.56792045000111,0.9997558295653992,0.0004882812499999
density-matrix-cpu,12,262144,Phase Damping,0.5,306.41866241800017,0.0019591432475611,306.41866241800017,0.9998779222360098,0.000244140625
density-matrix-cpu,3,262144,Bit Flip,0.5,0.1773771980006131,0.001225782792745,0.1773771980006131,2.220446049250313e-16,0.9999999999999998
density-matrix-cpu,4,262144,Bit Flip,0.5,0.1086286669997207,0.0016655773819626,0.1086286669997207,0.0,1.0
density-matrix-cpu,5,262144,Bit Flip,0.5,0.1169880389970785,0.0021207315322714,0.1169880389970785,2.220446049250313e-16,1.0
density-matrix-cpu,6,262144,Bit Flip,0.5,0.1395489440001256,0.0019867139660031,0.1395489440001256,0.0,1.0
density-matrix-cpu,7,262144,Bit Flip,0.5,0.2859132919984404,0.0017104823495594,0.2859132919984404,2.220446049250313e-16,1.0
density-matrix-cpu,8,262144,Bit Flip,0.5,1.0174596309989283,0.0019399601594338,1.0174596309989283,0.0,1.0
density-matrix-cpu,9,262144,Bit Flip,0.5,2.199002837001899,0.0020027923569452,2.199002837001899,2.220446049250313e-16,1.0000000000000009
density-matrix-cpu,10,262144,Bit Flip,0.5,10.732434908997677,0.0019499932453301,10.732434908997677,0.0,1.0
density-matrix-cpu,11,262144,Bit Flip,0.5,59.20368070599943,0.0019347398424654,59.20368070599943,2.220446049250313e-16,1.000000000000001
density-matrix-cpu,12,262144,Bit Flip,0.5,307.6370040440015,0.0019133891775182,307.6370040440015,0.0,1.0
density-matrix-cpu,3,262144,Depolarizing,0.9,0.1775886220020766,0.0015213326438492,0.1775886220020766,1.0062842540753578,0.0639999999999999
density-matrix-cpu,4,262144,Depolarizing,0.9,0.1135515589994611,0.0018111096343942,0.1135515589994611,1.0108986892859242,0.0255999999999999
density-matrix-cpu,5,262144,Depolarizing,0.9,0.1194690340016677,0.0019550537480369,0.1194690340016677,1.008732077015498,0.0102399999999999
density-matrix-cpu,6,262144,Depolarizing,0.9,0.1513070359978883,0.0020389619332941,0.1513070359978883,1.0057726431276643,0.0040959999999999
density-matrix-cpu,7,262144,Depolarizing,0.9,0.332187038999109,0.0015600106406565,0.332187038999109,1.003495848035895,0.0016383999999999
density-matrix-cpu,8,262144,Depolarizing,0.9,0.9072094340008334,0.0020321347414323,0.9072094340008334,1.00201559511474,0.0006553599999999
density-matrix-cpu,9,262144,Depolarizing,0.9,3.640258244002325,0.0019788243390889,3.640258244002325,1.0011271736815697,0.0002621439999999
density-matrix-cpu,10,262144,Depolarizing,0.9,17.619498079999175,0.0020034316464802,17.619498079999175,1.0006177271363697,0.0001048575999999
density-matrix-cpu,11,262144,Depolarizing,0.9,98.49134474199673,0.0019609102417278,98.49134474199673,1.0003338445090524,4.19430399999995e-05
density-matrix-cpu,12,262144,Depolarizing,0.9,504.7664647800011,0.0019842880372643,504.7664647800011,1.0001786453296089,1.6777215999999905e-05
density-matrix-cpu,3,262144,Amplitude Damping,0.9,0.1707417110010283,0.7837781641412115,0.1707417110010283,1.1405732577686316,0.2850382593315244
density-matrix-cpu,4,262144,Amplitude Damping,0.9,0.0985283990012249,0.7799894261505532,0.0985283990012249,1.206902783705356,0.1875876356546302
density-matrix-cpu,5,262144,Amplitude Damping,0.9,0.1056788159985444,0.7590765925708489,0.1056788159985444,1.2439658411655845,0.1234540273050372
density-matrix-cpu,6,262144,Amplitude Damping,0.9,0.1288852340003359,0.730894106044197,0.1288852340003359,1.2633761482411034,0.0812468092827454
density-matrix-cpu,7,262144,Amplitude Damping,0.9,0.270259917997464,0.6989410257124407,0.270259917997464,1.2718238963232444,0.053469653139112
density-matrix-cpu,8,262144,Amplitude Damping,0.9,0.5962053820003348,0.667222016684758,0.5962053820003348,1.2733796360892915,0.0351891210504942
density-matrix-cpu,9,262144,Amplitude Damping,0.9,2.1997862349999195,0.6373526810936713,2.1997862349999195,1.2705993523659125,0.023158449094194
density-matrix-cpu,10,262144,Amplitude Damping,0.9,10.680470626000895,0.6062885452674078,10.680470626000895,1.2651183881939696,0.0152408968578328
density-matrix-cpu,11,262144,Amplitude Damping,0.9,59.39644676000171,0.5777328183333386,59.39644676000171,1.25799465555087,0.010030245811639
density-matrix-cpu,12,262144,Amplitude Damping,0.9,307.31979185300224,0.549884409893395,307.31979185300224,1.2499165811989466,0.0066010440186267
density-matrix-cpu,3,262144,Phase Damping,0.9,0.1766044270007114,0.0007086512502853,0.1766044270007114,1.2447361166126734,0.0009999999999999
density-matrix-cpu,4,262144,Phase Damping,0.9,0.1119875340009457,0.0019188496029502,0.1119875340009457,1.2049571610642424,0.0001
density-matrix-cpu,5,262144,Phase Damping,0.9,0.1178264580012182,0.0020492204335089,0.1178264580012182,1.170777452464815,1.00000000000265e-05
density-matrix-cpu,6,262144,Phase Damping,0.9,0.1375842140005261,0.0017094696582069,0.1375842140005261,1.141930239298352,1.0000000000201905e-06
density-matrix-cpu,7,262144,Phase Damping,0.9,0.3816754090003087,0.0019346345402677,0.3816754090003087,1.1177143063268362,9.999999998420597e-08
density-matrix-cpu,8,262144,Phase Damping,0.9,0.9770304500016208,0.0019161782929627,0.9770304500016208,1.097458001868636,9.999999989034641e-09
density-matrix-cpu,9,262144,Phase Damping,0.9,2.2743422870007635,0.0019606133792502,2.2743422870007635,1.0805644582391782,9.999999911917686e-10
density-matrix-cpu,10,262144,Phase Damping,0.9,10.766251362998446,0.0019442535624353,10.766251362998446,1.0665120867275193,9.999999800434495e-11
density-matrix-cpu,11,262144,Phase Damping,0.9,59.23988231300245,0.0019200626061707,59.23988231300245,1.0548494611440755,9.999996504083702e-12
density-matrix-cpu,12,262144,Phase Damping,0.9,309.075142048001,0.0019152515717539,309.075142048001,1.045189005047346,9.999978333255964e-13
density-matrix-cpu,3,262144,Bit Flip,0.9,0.2323654329993587,0.0019815433838903,0.2323654329993587,6.661338147750939e-16,0.999999999999999
density-matrix-cpu,4,262144,Bit Flip,0.9,0.1070252440003969,0.0020671647023906,0.1070252440003969,1.1102230246251563e-15,0.9999999999999988
density-matrix-cpu,5,262144,Bit Flip,0.9,0.1207406840003386,0.0022916458467148,0.1207406840003386,9.992007221626409e-16,0.9999999999999986
density-matrix-cpu,6,262144,Bit Flip,0.9,0.1494749129997217,0.0017287524513679,0.1494749129997217,1.4432899320127037e-15,0.9999999999999988
density-matrix-cpu,7,262144,Bit Flip,0.9,0.2703989200017531,0.0019278228501768,0.2703989200017531,1.3322676295501878e-15,0.9999999999999988
density-matrix-cpu,8,262144,Bit Flip,0.9,0.6158777149976231,0.0018470699557569,0.6158777149976231,1.887379141862766e-15,0.9999999999999992
density-matrix-cpu,9,262144,Bit Flip,0.9,2.2209679240004334,0.0019417745871138,2.2209679240004334,1.9984014443252818e-15,0.9999999999999948
density-matrix-cpu,10,262144,Bit Flip,0.9,10.89842537000004,0.0019831730213476,10.89842537000004,2.4424906541753444e-15,1.0
density-matrix-cpu,11,262144,Bit Flip,0.9,61.33705938599815,0.0019262143769001,61.33705938599815,2.664535259100376e-15,1.0
density-matrix-cpu,12,262144,Bit Flip,0.9,308.5203418979981,0.0019397201080609,308.5203418979981,3.1086244689504387e-15,1.0
density-matrix-cpu,3,262144,Depolarizing,1.0,0.3774823810017551,0.0015138149193885,0.3774823810017551,1.047565601757848,0.037037037037037
density-matrix-cpu,4,262144,Depolarizing,1.0,0.4714601859996037,0.0014441337482617,0.4714601859996037,1.0346828069015783,0.0123456790123456
density-matrix-cpu,5,262144,Depolarizing,1.0,0.1247411180011113,0.0020228904749659,0.1247411180011113,1.0221016078289131,0.0041152263374485
density-matrix-cpu,6,262144,Depolarizing,1.0,0.1570511780009837,0.0020110800340241,0.1570511780009837,1.013241190382076,0.0013717421124828
density-matrix-cpu,7,262144,Depolarizing,1.0,0.3534516340005211,0.0019729177613231,0.3534516340005211,1.0076802578135369,0.0004572473708276
density-matrix-cpu,8,262144,Depolarizing,1.0,0.9185660139992252,0.0017609445827945,0.9185660139992252,1.0043752341861871,0.0001524157902758
density-matrix-cpu,9,262144,Depolarizing,1.0,3.704289577002783,0.0019465051163585,3.704289577002783,1.002466830617473,5.080526342529033e-05
density-matrix-cpu,10,262144,Depolarizing,1.0,17.71671876400069,0.0019276794258603,17.71671876400069,1.0013824862267944,1.6935087808429506e-05
density-matrix-cpu,11,262144,Depolarizing,1.0,102.68617111500134,0.0019845373629806,102.68617111500134,1.0007720441383223,5.6450292694763226e-06
density-matrix-cpu,12,262144,Depolarizing,1.0,506.1784361369973,0.0019373254697392,506.1784361369973,1.000430240877647,1.881676423158752e-06
density-matrix-cpu,3,262144,Amplitude Damping,1.0,0.1680097240023315,0.9354143466934852,0.1680097240023315,1.322875655532295,0.1249999999999999
density-matrix-cpu,4,262144,Amplitude Damping,1.0,0.0929647570010274,0.9682458365518544,0.0929647570010274,1.3693063937629149,0.0624999999999999
density-matrix-cpu,5,262144,Amplitude Damping,1.0,0.1020744979978189,0.9842509842514764,0.1020744979978189,1.391941090707505,0.0312499999999999
density-matrix-cpu,6,262144,Amplitude Damping,1.0,0.1225119390001054,0.9921567416492216,0.1225119390001054,1.4031215200402274,0.0156249999999999
density-matrix-cpu,7,262144,Amplitude Damping,1.0,0.2578714439987379,0.9960860906568269,0.2578714439987379,1.4086784586980798,0.0078124999999999
density-matrix-cpu,8,262144,Amplitude Damping,1.0,0.591518878001807,0.998044963916957,0.591518878001807,1.411448723829526,0.0039062499999999
density-matrix-cpu,9,262144,Amplitude Damping,1.0,2.1936464900027204,0.9990229601966112,2.1936464900027204,1.4128318194321634,0.0019531249999999
density-matrix-cpu,10,262144,Amplitude Damping,1.0,10.882700706999458,0.9995115994824672,10.882700706999458,1.413522859737329,0.0009765624999999
density-matrix-cpu,11,262144,Amplitude Damping,1.0,59.64587252000274,0.9997558295653994,59.64587252000274,1.4138682532329512,0.0004882812499999
density-matrix-cpu,12,262144,Amplitude Damping,1.0,308.8133682959997,0.9998779222360098,308.8133682959997,1.4140409183435945,0.0002441406249999
density-matrix-cpu,3,262144,Phase Damping,1.0,0.1767626330001803,0.0015114868451933,0.1767626330001803,1.4142135623730947,0.0
density-matrix-cpu,4,262144,Phase Damping,1.0,0.1114661610008624,0.0018458011010822,0.1114661610008624,1.414213562373095,0.0
density-matrix-cpu,5,262144,Phase Damping,1.0,0.1178386850006063,0.0017616055546319,0.1178386850006063,1.414213562373095,0.0
density-matrix-cpu,6,262144,Phase Damping,1.0,0.1497376850020373,0.0020488653429612,0.1497376850020373,1.414213562373095,0.0
density-matrix-cpu,7,262144,Phase Damping,1.0,0.7670900810007879,0.0019548899901128,0.7670900810007879,1.414213562373095,0.0
density-matrix-cpu,8,262144,Phase Damping,1.0,0.6369774720005807,0.0020158717079326,0.6369774720005807,1.414213562373095,0.0
density-matrix-cpu,9,262144,Phase Damping,1.0,2.2258519850001903,0.0019942951273308,2.2258519850001903,1.414213562373095,0.0
density-matrix-cpu,10,262144,Phase Damping,1.0,10.967990263001411,0.0020474727941582,10.967990263001411,1.414213562373095,0.0
density-matrix-cpu,11,262144,Phase Damping,1.0,59.46659133100184,0.0019238029275008,59.46659133100184,1.414213562373095,0.0
density-matrix-cpu,12,262144,Phase Damping,1.0,309.4925351739985,0.0019446951023333,309.4925351739985,1.414213562373095,0.0
density-matrix-cpu,3,262144,Bit Flip,1.0,0.1420704539996222,0.0015065108385527,0.1420704539996222,2.220446049250313e-16,0.9999999999999992
density-matrix-cpu,4,262144,Bit Flip,1.0,0.1064112380008737,0.0018957164832319,0.1064112380008737,6.661338147750939e-16,0.9999999999999992
density-matrix-cpu,5,262144,Bit Flip,1.0,0.610292744000617,0.0020310316633292,0.610292744000617,5.551115123125784e-16,0.999999999999999
density-matrix-cpu,6,262144,Bit Flip,1.0,0.1441072830020857,0.0018878628059001,0.1441072830020857,9.992007221626409e-16,0.9999999999999988
density-matrix-cpu,7,262144,Bit Flip,1.0,0.3500563029992918,0.0020270728410774,0.3500563029992918,8.881784197001252e-16,0.9999999999999992
density-matrix-cpu,8,262144,Bit Flip,1.0,0.6267270619973715,0.0018287564795821,0.6267270619973715,1.2212453270876722e-15,1.0
density-matrix-cpu,9,262144,Bit Flip,1.0,2.407378187999712,0.0019125828449025,2.407378187999712,1.2212453270876722e-15,1.0000000000000009
density-matrix-cpu,10,262144,Bit Flip,1.0,11.183420559998922,0.0019254889919323,11.183420559998922,1.5543122344752194e-15,1.0
density-matrix-cpu,11,262144,Bit Flip,1.0,59.15656070099794,0.0019703345280141,59.15656070099794,1.5543122344752194e-15,1.000000000000001
density-matrix-cpu,12,262144,Bit Flip,1.0,308.4420165070005,0.0019449869126621,308.4420165070005,1.887379141862766e-15,1.0
qiskit-aer,3,262144,none,0.0,0.0838388870033668,0.0015162162008689,0.0025167040002997,3.510833468576701e-16,0.9999999999999998
qiskit-aer,4,262144,none,0.0,0.0971607370011042,0.0020885040766566,0.0010440689948154,3.1401849173675503e-16,1.0
qiskit-aer,5,262144,none,0.0,0.0945156179950572,0.0020592653099341,0.0013403069897321,4.154074181055224e-16,1.0
qiskit-aer,6,262144,none,0.0,0.1100463129987474,0.0017040129286005,0.0018118300067726,3.8459253727671276e-16,1.0
qiskit-aer,7,262144,none,0.0,0.1317986669891979,0.0017692630071881,0.0033114090037997,4.710277376051325e-16,0.9999999999999988
qiskit-aer,8,262144,none,0.0,0.1786929160007275,0.0017529768791328,0.0070431979984277,4.440892098500626e-16,1.0
qiskit-aer,9,262144,none,0.0,0.2683824400010053,0.0019159276666973,0.0279274829954374,5.20740757162067e-16,1.0000000000000058
qiskit-aer,10,262144,none,0.0,0.2589138410112355,0.0018985085670293,0.0986252859875094,4.965068306494546e-16,1.0
qiskit-aer,11,262144,none,0.0,0.2652030299941543,0.0019637281969984,0.4610478820104617,5.661048867003677e-16,1.0000000000000018
qiskit-aer,12,262144,none,0.0,0.3171282560069812,0.0019566459509658,2.0647702669957653,5.438959822042073e-16,1.0
qiskit-aer,3,262144,Depolarizing,0.01,0.0796697839978151,0.0022882079264105,0.0098412380029913,0.0963262570694823,0.912045420156403
qiskit-aer,4,262144,Depolarizing,0.01,0.0911004959925776,0.0018930509648789,0.0021309449948603,0.1738203645393688,0.8364901544587345
qiskit-aer,5,262144,Depolarizing,0.01,0.1034334930009208,0.0022381905230264,0.0032093270128825,0.2641834416219025,0.7470376919837196
qiskit-aer,6,262144,Depolarizing,0.01,0.1179531060042791,0.0022691517543798,0.0077646379941143,0.3614180728012463,0.6498023910555082
qiskit-aer,7,262144,Depolarizing,0.01,0.1683008279942441,0.001665795789125,0.0308600280113751,0.4597915215083297,0.5506844197474101
qiskit-aer,8,262144,Depolarizing,0.01,0.1351360499975271,0.0020223580766655,0.025436014009756,0.554389955692194,0.454816936127663
qiskit-aer,9,262144,Depolarizing,0.01,0.1841611679992638,0.0019806031636704,0.2208594459953019,0.6414548390455241,0.3661981571771122
qiskit-aer,10,262144,Depolarizing,0.01,0.7434756029979326,0.001968790352404,0.3076552470010938,0.7185081661330189,0.2875268029873524
qiskit-aer,11,262144,Depolarizing,0.01,1.2643834540067471,0.0019446427214854,1.1679124660004163,0.7843008689632226,0.2202235917649464
qiskit-aer,12,262144,Depolarizing,0.01,5.781652197998483,0.001976263553267,6.053980584998499,0.8386348202382442,0.1645951918331392
qiskit-aer,3,262144,Amplitude Damping,0.01,0.0828143270045984,0.0230629668792644,0.0103158069978235,0.0834206817925002,0.9403671791857952
qiskit-aer,4,262144,Amplitude Damping,0.01,0.0863928420003503,0.0253475407107117,0.0017686009960016,0.1402221015669986,0.8894739991011651
qiskit-aer,5,262144,Amplitude Damping,0.01,0.1019603599997935,0.0244908579362047,0.0029338579915929,0.2053563954757052,0.8278832236976583
qiskit-aer,6,262144,Amplitude Damping,0.01,0.1140321120037697,0.0223918414358643,0.0074948289984604,0.276319202181449,0.7585137028607417
qiskit-aer,7,262144,Amplitude Damping,0.01,0.1675217099982546,0.0193679088884811,0.0307249100005719,0.3504121185818007,0.6843405187680692
qiskit-aer,8,262144,Amplitude Damping,0.01,0.1139502389996778,0.016445785949443,0.0141286330035654,0.4250933301849187,0.6082018585449185
qiskit-aer,9,262144,Amplitude Damping,0.01,0.1802461209881585,0.0139091238306503,0.0506536780012538,0.4981458424813343,0.5326452506063903
qiskit-aer,10,262144,Amplitude Damping,0.01,0.3779605960007757,0.0117148825104845,0.2268486139946617,0.5677631451120332,0.4598194874026653
qiskit-aer,11,262144,Amplitude Damping,0.01,1.1526884039922152,0.0094537434346092,1.3941210340126418,0.6325810097741386,0.3914136664927118
qiskit-aer,12,262144,Amplitude Damping,0.01,5.397799276994192,0.0077126028180369,6.105362041998887,0.6916700051530112,0.3286400391537041
qiskit-aer,3,262144,Phase Damping,0.01,0.1053506909956922,0.001517588025629,0.0098019229917554,0.0475091949412086,0.9609781040920417
qiskit-aer,4,262144,Phase Damping,0.01,0.0894435829977737,0.0014986857614816,0.0017738890019245,0.0829903725048907,0.9283362475067758
qiskit-aer,5,262144,Phase Damping,0.01,0.1208432779967552,0.0014127673512975,0.0031938890024321,0.1253747834289444,0.8881937105342042
qiskit-aer,6,262144,Phase Damping,0.01,0.1208541899977717,0.0019859960239957,0.0074040390027221,0.1735336133736934,0.8417137583837063
qiskit-aer,7,262144,Phase Damping,0.01,0.1675920540001243,0.0021177789272901,0.0306814170035067,0.2261952332278516,0.7901676383564088
qiskit-aer,8,262144,Phase Damping,0.01,0.13689300500846,0.0020401962474457,0.0132845789921702,0.2820498060393538,0.7348789586459723
qiskit-aer,9,262144,Phase Damping,0.01,0.2567332540056668,0.0020181731503414,0.0558802169980481,0.3398114634846217,0.6771700873987947
qiskit-aer,10,262144,Phase Damping,0.01,0.4711230219982099,0.0019269545923974,0.5517734400054906,0.3982654990404625,0.6183133833038033
qiskit-aer,11,262144,Phase Damping,0.01,1.3132951869920362,0.0019571070013975,1.2405703859985806,0.4563049573350539,0.5594894805294932
qiskit-aer,12,262144,Phase Damping,0.01,5.671578292007325,0.0019265996265778,5.5138719090027735,0.5129573672205866,0.501754161912997
qiskit-aer,3,262144,Bit Flip,0.01,0.082583051000256,0.0011054068580056,0.0104275519988732,0.1519159075199652,0.8704371397883174
qiskit-aer,4,262144,Bit Flip,0.01,0.1069271750020561,0.0016916365240968,0.0019054660078836,0.2722511710122388,0.7554710136509637
qiskit-aer,5,262144,Bit Flip,0.01,0.1167140439938521,0.0022484590681127,0.0030120430019451,0.4018747609164604,0.6269655009340969
qiskit-aer,6,262144,Bit Flip,0.01,0.1224965110013727,0.0023549136880592,0.0075210840004729,0.5274943399617308,0.4990207760624533
qiskit-aer,7,262144,Bit Flip,0.01,0.1743618100008461,0.0020319127413824,0.0306361050024861,0.6400839522760611,0.3820071274679418
qiskit-aer,8,262144,Bit Flip,0.01,0.1391591599967796,0.0019067534471756,0.0139457810000749,0.7349426634344105,0.2819960903292001
qiskit-aer,9,262144,Bit Flip,0.01,0.209410146009759,0.0018959160541514,0.0626866279926616,0.8108517036350704,0.2012341317569161
qiskit-aer,10,262144,Bit Flip,0.01,0.3810931040061405,0.0019610512356621,0.2420166840020101,0.868952930650034,0.139141535325015
qiskit-aer,11,262144,Bit Flip,0.01,1.3552339320012834,0.0019626237441111,1.3484931279963348,0.9117006960255942,0.0934261164952984
qiskit-aer,12,262144,Bit Flip,0.01,6.627844300994184,0.001958199703298,6.70371040799364,0.9420465212621764,0.0610450133626432
qiskit-aer,3,262144,Depolarizing,0.1,0.13281955900311,0.0018192306857703,0.010304088005796,0.623219076867888,0.4221760546833265
qiskit-aer,4,262144,Depolarizing,0.1,0.1494132430088939,0.0019668824732203,0.0022584320104215,0.8242196502071264,0.206149257140417
qiskit-aer,5,262144,Depolarizing,0.1,0.1286433240020414,0.0018410963640734,0.0032751960097812,0.9270528715312992,0.0895037508376056
qiskit-aer,6,262144,Depolarizing,0.1,0.1564206610055407,0.0017970342021365,0.0080467719963053,0.9715986888902324,0.0366973010991967
qiskit-aer,7,262144,Depolarizing,0.1,0.1813200619944837,0.001991081959512,0.0310949530103243,0.9891086360092656,0.0149623161241407
qiskit-aer,8,262144,Depolarizing,0.1,0.1497689250099938,0.0019094836683301,0.0168250319984508,0.9957338388491008,0.0062678266238146
qiskit-aer,9,262144,Depolarizing,0.1,0.2142839720036136,0.0019442760160362,0.0506863149930723,0.9982598970345138,0.0027301543729423
qiskit-aer,10,262144,Depolarizing,0.1,0.3671350139920832,0.0019404251744602,0.2809427500033052,0.9992577759820293,0.0012341617543593
qiskit-aer,11,262144,Depolarizing,0.1,1.206525210000109,0.0019543390673036,1.155493384998408,0.999670456134414,0.0005746649888968
qiskit-aer,12,262144,Depolarizing,0.1,6.836725622997619,0.0019624680329903,6.098289949004538,0.9998488842289008,0.0002734477238432
qiskit-aer,3,262144,Amplitude Damping,0.1,0.0868668240000261,0.159885893831372,0.0094611129898112,0.5537292775928216,0.5896381531647995
qiskit-aer,4,262144,Amplitude Damping,0.1,0.0829331849963637,0.1684800820716294,0.0017853999888757,0.7388617074026894,0.3909515750016687
qiskit-aer,5,262144,Amplitude Damping,0.1,0.0917407979868585,0.1621181987607329,0.0030646200029877,0.8637869011252358,0.2416420229700857
qiskit-aer,6,262144,Amplitude Damping,0.1,0.1205276620021322,0.151458725246142,0.0076159589953022,0.941418108650432,0.1415072321473606
qiskit-aer,7,262144,Amplitude Damping,0.1,0.164497689998825,0.1367625882548636,0.0312395169894443,0.9862713265078962,0.0795511333930334
qiskit-aer,8,262144,Amplitude Damping,0.1,0.1408869810111355,0.1221264993581266,0.0235516799875767,1.010414429134099,0.0433807963365229
qiskit-aer,9,262144,Amplitude Damping,0.1,0.1671294700063299,0.1087121330983474,0.0684175310016144,1.0223966778977327,0.0231326732535625
qiskit-aer,10,262144,Amplitude Damping,0.1,0.3350424630043562,0.0965230320107519,0.4030597890086937,1.0276786141916523,0.0121355678039343
qiskit-aer,11,262144,Amplitude Damping,0.1,1.5655449879996013,0.0856640013509941,1.1204233000025852,1.0294934599652106,0.0062911872362492
qiskit-aer,12,262144,Amplitude Damping,0.1,5.531961749991751,0.0758800820863412,5.948456499987515,1.0296429955334312,0.0032332476658534
qiskit-aer,3,262144,Phase Damping,0.1,0.0867041300080018,0.001563123116819,0.0096911300061037,0.3730925933693692,0.6851267825845648
qiskit-aer,4,262144,Phase Damping,0.1,0.083708813006524,0.0012169541965995,0.00177978699503,0.5478851371659625,0.5064103994008597
qiskit-aer,5,262144,Phase Damping,0.1,0.0994942969991825,0.0019214263194558,0.0028856069984612,0.6909305513152478,0.3513020819857052
qiskit-aer,6,262144,Phase Damping,0.1,0.140971394997905,0.001628067030259,0.0077981640060897,0.7983186102683939,0.2307721988706424
qiskit-aer,7,262144,Phase Damping,0.1,0.182326494003064,0.0019345517988055,0.0306845660088583,0.8736078759995338,0.1447156977571979
qiskit-aer,8,262144,Phase Damping,0.1,0.1501649399870075,0.0020021310587638,0.0229317159974016,0.9235339939039944,0.0872556883001439
qiskit-aer,9,262144,Phase Damping,0.1,0.2373925889987731,0.0019530504927728,0.0521300049877027,0.955137232282166,0.0509037389906246
qiskit-aer,10,262144,Phase Damping,0.1,0.3504272610007319,0.0019021765201664,0.2532918590004556,0.974369450040492,0.028890039657884
qiskit-aer,11,262144,Phase Damping,0.1,1.1638807889976306,0.0019453160820204,1.096544159008772,0.985687450697995,0.0160255792966086
qiskit-aer,12,262144,Phase Damping,0.1,5.548910407989752,0.0019122632605727,7.229845077003119,0.9921611757947384,0.0087229582364909
qiskit-aer,3,262144,Bit Flip,0.1,0.0819812929985346,0.0021539700862036,0.0094553749950136,0.7364304340803374,0.3415424874213515
qiskit-aer,4,262144,Bit Flip,0.1,0.0836474530078703,0.0022785528765745,0.0019375750125618,0.8826133349216078,0.1624647400823887
qiskit-aer,5,262144,Bit Flip,0.1,0.0967349099955754,0.0018282789808413,0.0029520759999286,0.9470508015384912,0.0763465146739902
qiskit-aer,6,262144,Bit Flip,0.1,0.1213174370059277,0.0021412517933426,0.0075629890052368,0.9755099922530216,0.0362854591598835
qiskit-aer,7,262144,Bit Flip,0.1,0.1696179629943799,0.0020839283014134,0.0307112890004646,0.9883885183401736,0.0175154281819899
qiskit-aer,8,262144,Bit Flip,0.1,0.1416257669916376,0.0018038799483462,0.014185598003678,0.9943854253451012,0.0085655950292847
qiskit-aer,9,262144,Bit Flip,0.1,0.189507704009884,0.0018165811075113,0.0691925610008183,0.9972480003159888,0.0042269510965445
qiskit-aer,10,262144,Bit Flip,0.1,0.8169633070065174,0.0019031401936037,0.2822141460055718,0.9986394791154092,0.0020978215299538
qiskit-aer,11,262144,Bit Flip,0.1,1.2747887430014089,0.0019761089169203,1.1075636250025127,0.9993239660064944,0.0010446379722972
qiskit-aer,12,262144,Bit Flip,0.1,5.632413091007038,0.001934243367628,6.012067944000592,0.9996631147991368,0.0005211757861941
qiskit-aer,3,262144,Depolarizing,0.5,0.077370423998218,0.001876288234709,0.0097918669926002,0.9334880319347588,0.1268043518066406
qiskit-aer,4,262144,Depolarizing,0.5,0.0867709919984918,0.00224019213398,0.0029327959928195,0.9681639217658784,0.0625793274685115
qiskit-aer,5,262144,Depolarizing,0.5,0.1015659240074455,0.0017006449222685,0.0031700280087534,0.9842471878664868,0.0312537366896336
qiskit-aer,6,262144,Depolarizing,0.5,0.1199703719903482,0.0018894115072749,0.0079114090040093,0.992156551919864,0.0156251882419681
qiskit-aer,7,262144,Depolarizing,0.5,0.1675935210078023,0.0018863899761936,0.035633745996165,0.9960860804994576,0.0078125101176195
qiskit-aer,8,262144,Depolarizing,0.5,0.1308075209963135,0.0018775752383228,0.0146146999904885,0.9980449633422483,0.0039062505735854
qiskit-aer,9,262144,Depolarizing,0.5,0.1893981160101248,0.0018655390765181,0.049779805005528,0.9990229601627938,0.001953125033785
qiskit-aer,10,262144,Depolarizing,0.5,0.3781531929998891,0.0019414822939634,0.2583193509926786,0.9995115994804272,0.0009765625020399
qiskit-aer,11,262144,Depolarizing,0.5,1.1676760699920123,0.0020437309578313,1.4615811279945774,0.9997558295652774,0.000488281250125
qiskit-aer,12,262144,Depolarizing,0.5,5.723369293002179,0.001917271551452,5.80158645400661,0.9998779222360044,0.0002441406250077
qiskit-aer,3,262144,Amplitude Damping,0.5,0.0774254019925138,0.0022593508676075,0.0094699380133533,1.118092885524649,0.2427469888025459
qiskit-aer,4,262144,Amplitude Damping,0.5,0.0847253190004266,0.0016134591171961,0.0017963249993044,1.2202493760470647,0.1218336512145644
qiskit-aer,5,262144,Amplitude Damping,0.5,0.0942916339990915,0.001352717683889,0.0032767200027592,1.2688605673380835,0.0609744434613426
qiskit-aer,6,262144,Amplitude Damping,0.5,0.1155928679945645,0.0021195509838481,0.0074229809979442,1.2925897426956638,0.0304944100186895
qiskit-aer,7,262144,Amplitude Damping,0.5,0.170667151993257,0.0018071602383412,0.0358407070016255,1.3043144469228587,0.0152481030151312
qiskit-aer,8,262144,Amplitude Damping,0.5,0.1143131790013285,0.001949717111559,0.0139849550032522,1.3101423161737984,0.0076241637410627
qiskit-aer,9,262144,Amplitude Damping,0.5,0.1802051300037419,0.0019585638017917,0.0495316470041871,1.3130476887586098,0.0038120958991754
qiskit-aer,10,262144,Amplitude Damping,0.5,0.3850285699882079,0.0019747682280179,0.372701162006706,1.3144982417338285,0.0019060497031512
qiskit-aer,11,262144,Amplitude Damping,0.5,1.379584733993397,0.0019850359204652,1.2289872409892268,1.3152229857825326,0.0009530250707705
qiskit-aer,12,262144,Amplitude Damping,0.5,5.720999712997582,0.0019229101517926,6.253497275989503,1.3155852248079214,0.0004765125627845
qiskit-aer,3,262144,Phase Damping,0.5,0.0836021529976278,0.0010704831714713,0.0095772469940129,0.8219689356866398,0.2589576356404099
qiskit-aer,4,262144,Phase Damping,0.5,0.0958706119999988,0.0016829517439274,0.0019169589941157,0.9142205782582584,0.130490371084425
qiskit-aer,5,262144,Phase Damping,0.5,0.148305964001338,0.0015894521077392,0.0037032139953225,0.957937865126242,0.0653726175452244
qiskit-aer,6,262144,Phase Damping,0.5,0.1203643879998708,0.0020874865553974,0.0074917489982908,0.9791785139934708,0.0327022688843174
qiskit-aer,7,262144,Phase Damping,0.5,0.2187621970078908,0.0016076312861532,0.0313427849905565,0.9896420005927978,0.0163531304302497
qiskit-aer,8,262144,Phase Damping,0.5,0.2388565790024586,0.0019536464710271,0.0381938859936781,0.9948342302194656,0.0081768147440925
qiskit-aer,9,262144,Phase Damping,0.5,0.2630195480014663,0.0019653059679281,0.0707125409971922,0.9974204281165544,0.0040884385641191
qiskit-aer,10,262144,Phase Damping,0.5,1.099151433998486,0.0019293545602731,0.4737949990085326,0.9987110430019556,0.0020442231810983
qiskit-aer,11,262144,Phase Damping,0.5,2.3392054949945305,0.0019681767791007,3.118933655990986,0.9993557288234756,0.0010221120779299
qiskit-aer,12,262144,Phase Damping,0.5,6.857613629006664,0.0019350406743119,6.293495225996594,0.9996779162532194,0.0005110560998876
qiskit-aer,3,262144,Bit Flip,0.5,0.0789354300068225,0.0022396399200668,0.0096211210038745,0.8894229138221481,0.1783470869120796
qiskit-aer,4,262144,Bit Flip,0.5,0.0859397620079107,0.0013907174598034,0.0018861979915527,0.9483041449706336,0.0860442948911165
qiskit-aer,5,262144,Bit Flip,0.5,0.1003935250046197,0.001967599993651,0.0030501159926643,0.9750705838972834,0.0421417679566492
qiskit-aer,6,262144,Bit Flip,0.5,0.1162909379927441,0.001849321799193,0.0075848090054932,0.9877688196841926,0.0208387372131316
qiskit-aer,7,262144,Bit Flip,0.5,0.1652849850070197,0.0019311714171421,0.0304342059971531,0.993943366363601,0.0103598317793019
qiskit-aer,8,262144,Bit Flip,0.5,0.1278925990045536,0.0020067338151773,0.0151560320082353,0.9969864996952492,0.0051648443635032
qiskit-aer,9,262144,Bit Flip,0.5,0.1835960980097297,0.0019882222641812,0.058558377000736,0.9984969640007104,0.002578630891469
qiskit-aer,10,262144,Bit Flip,0.5,0.3594703849958023,0.0019668158858894,0.275552252001944,0.9992494118138556,0.0012883646972634
qiskit-aer,11,262144,Bit Flip,0.5,1.8624873840017244,0.0018914436959802,1.5505768630100647,0.9996249385210956,0.0006439442957824
qiskit-aer,12,262144,Bit Flip,0.5,6.758323139001732,0.0019573523549234,8.671981298000901,0.9998125274342766,0.0003219125889626
qiskit-aer,3,262144,Depolarizing,0.9,0.084018653986277,0.0014714153225744,0.0099758639989886,0.9354143366703598,0.1250000093757755
qiskit-aer,4,262144,Depolarizing,0.9,0.12563169200439,0.0022536823369737,0.0022074080043239,0.9682458365506276,0.0625000000011874
qiskit-aer,5,262144,Depolarizing,0.9,0.1181620999996084,0.0017165713834827,0.0032890509901335,0.9842509842514762,0.0312500000000002
qiskit-aer,6,262144,Depolarizing,0.9,0.1772883259982336,0.002227404313985,0.0079999019944807,0.9921567416492216,0.0156249999999999
qiskit-aer,7,262144,Depolarizing,0.9,0.1930502870091004,0.0019064099863212,0.0340582040080335,0.9960860906568266,0.0078124999999999
qiskit-aer,8,262144,Depolarizing,0.9,0.9666664899996248,0.0019448672009008,0.0488714079983765,0.998044963916957,0.0039062499999999
qiskit-aer,9,262144,Depolarizing,0.9,0.5299510769982589,0.001904332637451,0.0849913160054711,0.9990229601966112,0.0019531249999999
qiskit-aer,10,262144,Depolarizing,0.9,0.5980320340022445,0.0019131001539612,0.4944622639886802,0.9995115994824672,0.0009765624999999
qiskit-aer,11,262144,Depolarizing,0.9,1.6297546179994242,0.0019534602473548,1.4049456039938375,0.9997558295653992,0.0004882812499999
qiskit-aer,12,262144,Depolarizing,0.9,6.481332848998136,0.0019459443416309,6.892732239008183,0.9998779222360098,0.0002441406249999
qiskit-aer,3,262144,Amplitude Damping,0.9,0.0774212590040406,0.6208495696463818,0.009499498992227,1.2743378575995294,0.1650071528379605
qiskit-aer,4,262144,Amplitude Damping,0.9,0.0885510410007555,0.5986774591868167,0.0017795230087358,1.3375141509125037,0.0825035837782444
qiskit-aer,5,262144,Amplitude Damping,0.9,0.1562494149984559,0.5589897373180179,0.0029380249907262,1.368008657684765,0.041251791925919
qiskit-aer,6,262144,Amplitude Damping,0.9,0.1934325070033082,0.5158152115404235,0.0081408120022388,1.3830037886517503,0.0206258959631437
qiskit-aer,7,262144,Amplitude Damping,0.9,0.2493196069990517,0.4722997014789409,0.0323503580002579,1.3904407126477054,0.0103129479815729
qiskit-aer,8,262144,Amplitude Damping,0.9,0.6859314269968309,0.4287195575823433,0.1384821129904594,1.3941442979009977,0.0051564739907865
qiskit-aer,9,262144,Amplitude Damping,0.9,0.286192920000758,0.3894351061752706,0.1400523019983666,1.3959924059108249,0.0025782369953933
qiskit-aer,10,262144,Amplitude Damping,0.9,0.5755207430047449,0.3560357759332749,0.3622730409988435,1.3969155430290454,0.0012891184976967
qiskit-aer,11,262144,Amplitude Damping,0.9,1.823303097000462,0.322593153564335,2.7198756459984,1.3973768828966224,0.0006445592488483
qiskit-aer,12,262144,Amplitude Damping,0.9,8.489900986998691,0.2913984175427969,9.211061920999782,1.3976074957235978,0.0003222796244241
qiskit-aer,3,262144,Phase Damping,0.9,0.1115532429976156,0.0024356356610723,0.0104858289996627,0.8985547079167684,0.1650504059471805
qiskit-aer,4,262144,Phase Damping,0.9,0.1033551539876498,0.0021443553094139,0.0018301949894521,0.9506315085534744,0.0825252112261106
qiskit-aer,5,262144,Phase Damping,0.9,0.1332560820010258,0.0020575615649497,0.0033563660108484,0.9756280707548358,0.0412626056543179
qiskit-aer,6,262144,Phase Damping,0.9,0.137293805993977,0.0018697854512256,0.0078239270078483,0.987889197340466,0.0206313028273653
qiskit-aer,7,262144,Phase Damping,0.9,0.1787753550015622,0.0018028147887193,0.0307183400000212,0.9939630441374526,0.0103156514136837
qiskit-aer,8,262144,Phase Damping,0.9,0.2257622820034157,0.0021462884905556,0.019511759004672,0.9969860914553909,0.0051578257068418
qiskit-aer,9,262144,Phase Damping,0.9,0.3725204479997046,0.0018350398882599,0.1515089480089955,0.9984941828962994,0.0025789128534209
qiskit-aer,10,262144,Phase Damping,0.9,0.8988928179896902,0.0019299352357506,0.5778479919972597,0.9992473750973146,0.0012894564267104
qiskit-aer,11,262144,Phase Damping,0.9,2.428713188986876,0.0019618228124016,2.177225785999326,0.9996237583808416,0.0006447282133552
qiskit-aer,12,262144,Phase Damping,0.9,7.503100047004409,0.0019862011767642,6.761091409003711,0.999811896888478,0.0003223641066776
qiskit-aer,3,262144,Bit Flip,0.9,0.0929903659998672,0.0015663223154929,0.0097853729967027,0.8560932909084198,0.2431878540205294
qiskit-aer,4,262144,Bit Flip,0.9,0.1061858350003603,0.0020064437325173,0.0018904680036939,0.9243260193405444,0.1238310178068651
qiskit-aer,5,262144,Bit Flip,0.9,0.0937582199985627,0.0016237531243192,0.00300948099175,0.9644998402271652,0.0596644590103372
qiskit-aer,6,262144,Bit Flip,0.9,0.1201597740000579,0.0020724095551629,0.0076477090042317,0.982381424315708,0.0296725600533773
qiskit-aer,7,262144,Bit Flip,0.9,0.1744695439992938,0.0019917396200898,0.0307098579942248,0.9912883914484156,0.0147281078617577
qiskit-aer,8,262144,Bit Flip,0.9,0.170963666998432,0.0019431455293247,0.0165310730080818,0.9956560181614708,0.0073486995752151
qiskit-aer,9,262144,Bit Flip,0.9,0.2150680600025225,0.0019975249815178,0.0671833979868097,0.9978325739988408,0.0036688246254141
qiskit-aer,10,262144,Bit Flip,0.9,0.5851485049934126,0.001964328343723,0.3253018289979081,0.9989170937031254,0.001833358386196
qiskit-aer,11,262144,Bit Flip,0.9,1.7146100660029333,0.0019349729912242,1.8047975759982364,0.9994587925593648,0.0009163724438809
qiskit-aer,12,262144,Bit Flip,0.9,10.640362396006822,0.0019274378449928,11.68461042799754,0.9997294491776422,0.0004581185226814
